cycles,Unnamed: 1,Unnamed: 2,Unnamed: 3,Unnamed: 4,Unnamed: 5,Unnamed: 6
0.0,,,,,,
0.0,,,,,,
0.0,,,,,,
0.0,,,,,,
0.0,,,,,,
0.0,,,,,,
0.0,,,,,,
0.0,,,,,,
0.0,,,,,,
0.0,,,,,,
0.0,,,,,,
0.0,,,,,,
0.0,,,,,,
0.0,,,,,,
0.0,,,,,,
0.0,,,,,,
0.0,,,,,,
0.0,,,,,,
0.0,,,,,,
0.0,,,,,,
0.0,,,,,,
0.0,,,,,,
0.0,,,,,,
0.0,,,,,,
0.0,,,,,,
0.0,,,,,,
0.0,,,,,,
0.0,,,,,,
0.0,,,,,,
0.0,,,,,,
0.0,,,,,,
0.0,,,,,,
0.0,,,,,,
0.0,,,,,,
0.0,,,,,,
0.0,,,,,,
0.0,,,,,,
0.0,,,,,,
0.0,,,,,,
0.0,,,,,,
0.0,,,,,,
0.0,,,,,,
0.0,,,,,,
0.0,,,,,,
0.0,,,,,,
0.0,,,,,,
0.0,,,,,,
0.0,,,,,,
0.0,,,,,,
0.0,,,,,,
0.0,,,,,,
0.0,,,,,,
0.0,,,,,,
0.0,,,,,,
0.0,,,,,,
0.0,,,,,,
0.0,,,,,,
0.0,,,,,,
0.0,,,,,,
0.0,,,,,,
0.0,,,,,,
0.0,,,,,,
0.0,,,,,,
0.0,,,,,,
0.0,,,,,,
0.0,,,,,,
0.0,,,,,,
0.0,,,,,,
0.0,,,,,,
0.0,,,,,,
0.0,,,,,,
0.0,,,,,,
0.0,,,,,,
0.0,,,,,,
0.0,,,,,,
0.0,,,,,,
0.0,,,,,,
0.0,,,,,,
0.0,,,,,,
0.0,,,,,,
0.0,,,,,,
0.0,,,,,,
0.0,,,,,,
0.0,,,,,,
0.0,,,,,,
0.0,,,,,,
0.0,,,,,,
0.0,,,,,,
0.0,,,,,,
0.0,,,,,,
0.0,,,,,,
0.0,,,,,,
0.0,,,,,,
0.0,,,,,,
0.0,,,,,,
0.0,,,,,,
0.0,,,,,,
0.0,,,,,,
0.0,,,,,,
0.0,,,,,,
0.0,,,,,,
0.0,,,,,,
0.0,,,,,,
0.0,,,,,,
0.0,,,,,,
0.0,,,,,,
0.0,,,,,,
0.0,,,,,,
0.0,,,,,,
0.0,,,,,,
0.0,,,,,,
0.0,,,,,,
0.0,,,,,,
0.0,,,,,,
0.0,,,,,,
0.0,,,,,,
0.0,,,,,,
0.0,,,,,,
0.0,,,,,,
0.0,,,,,,
0.0,,,,,,
0.0,,,,,,
0.0,,,,,,
0.0,,,,,,
0.0,,,,,,
0.0,,,,,,
0.0,,,,,,
0.0,,,,,,
0.0,,,,,,
0.0,,,,,,
0.0,,,,,,
0.0,,,,,,
0.0,,,,,,
0.0,,,,,,
0.0,,,,,,
0.0,,,,,,
0.0,,,,,,
0.0,,,,,,
0.0,,,,,,
0.0,,,,,,
0.0,,,,,,
0.0,,,,,,
0.0,,,,,,
0.0,,,,,,
0.0,,,,,,
0.0,,,,,,
0.0,,,,,,
0.0,,,,,,
0.0,,,,,,
0.0,,,,,,
0.0,,,,,,
0.0,,,,,,
0.0,,,,,,
0.0,,,,,,
0.0,,,,,,
0.0,,,,,,
0.0,,,,,,
0.0,,,,,,
0.0,,,,,,
0.0,,,,,,
0.0,,,,,,
0.0,,,,,,
0.0,,,,,,
0.0,,,,,,
0.0,,,,,,
0.0,,,,,,
0.0,,,,,,
0.0,,,,,,
0.0,,,,,,
0.0,,,,,,
0.0,,,,,,
0.0,,,,,,
0.0,,,,,,
0.0,,,,,,
0.0,,,,,,
0.0,,,,,,
0.0,,,,,,
0.0,,,,,,
0.0,,,,,,
0.0,,,,,,
0.0,,,,,,
0.0,,,,,,
0.0,,,,,,
0.0,,,,,,
0.0,,,,,,
0.0,,,,,,
0.0,,,,,,
0.0,,,,,,
0.0,,,,,,
0.0,,,,,,
0.0,,,,,,
0.0,,,,,,
0.0,,,,,,
0.0,,,,,,
0.0,,,,,,
0.0,,,,,,
0.0,,,,,,
0.0,,,,,,
0.0,,,,,,
0.0,,,,,,
0.0,,,,,,
0.0,,,,,,
0.0,,,,,,
0.0,,,,,,
0.0,,,,,,
0.0,,,,,,
0.0,,,,,,
0.0,,,,,,
0.0,,,,,,
0.0,,,,,,
0.0,,,,,,
0.0,,,,,,
0.0,,,,,,
0.0,,,,,,
0.0,,,,,,
0.0,,,,,,
0.0,,,,,,
0.0,,,,,,
0.0,,,,,,
0.0,,,,,,
0.0,,,,,,
0.0,,,,,,
0.0,,,,,,
0.0,,,,,,
0.0,,,,,,
0.0,,,,,,
0.0,,,,,,
0.0,,,,,,
0.0,,,,,,
0.0,,,,,,
0.0,,,,,,
0.0,,,,,,
0.0,,,,,,
0.0,,,,,,
0.0,,,,,,
0.0,,,,,,
0.0,,,,,,
0.0,,,,,,
0.0,,,,,,
0.0,,,,,,
0.0,,,,,,
0.0,,,,,,
0.0,,,,,,
0.0,,,,,,
0.0,,,,,,
0.0,,,,,,
0.0,,,,,,
0.0,,,,,,
0.0,,,,,,
0.0,,,,,,
0.0,,,,,,
0.0,,,,,,
0.0,,,,,,
0.0,,,,,,
0.0,,,,,,
0.0,,,,,,
0.0,,,,,,
0.0,,,,,,
0.0,,,,,,
0.0,,,,,,
0.0,,,,,,
0.0,,,,,,
0.0,,,,,,
0.0,,,,,,
0.0,,,,,,
0.0,,,,,,
0.0,,,,,,
0.0,,,,,,
0.0,,,,,,
0.0,,,,,,
0.0,,,,,,
0.0,,,,,,
0.0,,,,,,
0.0,,,,,,
0.0,,,,,,
0.0,,,,,,
0.0,,,,,,
0.0,,,,,,
0.0,,,,,,
0.0,,,,,,
0.0,,,,,,
0.0,,,,,,
0.0,,,,,,
0.0,,,,,,
0.0,,,,,,
0.0,,,,,,
0.0,,,,,,
0.0,,,,,,
0.0,,,,,,
0.0,,,,,,
0.0,,,,,,
0.0,,,,,,
0.0,,,,,,
0.0,,,,,,
0.0,,,,,,
0.0,,,,,,
0.0,,,,,,
0.0,,,,,,
0.0,,,,,,
0.0,,,,,,
0.0,,,,,,
0.0,,,,,,
0.0,,,,,,
0.0,,,,,,
0.0,,,,,,
0.0,,,,,,
0.0,,,,,,
0.0,,,,,,
0.0,,,,,,
0.0,,,,,,
0.0,,,,,,
0.0,,,,,,
0.0,,,,,,
0.0,,,,,,
0.0,,,,,,
0.0,,,,,,
0.0,,,,,,
0.0,,,,,,
0.0,,,,,,
0.0,,,,,,
0.0,,,,,,
0.0,,,,,,
0.0,,,,,,
0.0,,,,,,
0.0,,,,,,
0.0,,,,,,
0.0,,,,,,
0.0,,,,,,
0.0,,,,,,
0.0,,,,,,
0.0,,,,,,
0.0,,,,,,
0.0,,,,,,
0.0,,,,,,
0.0,,,,,,
0.0,,,,,,
0.0,,,,,,
0.0,,,,,,
0.0,,,,,,
0.0,,,,,,
0.0,,,,,,
0.0,,,,,,
0.0,,,,,,
0.0,,,,,,
0.0,,,,,,
0.0,,,,,,
0.0,,,,,,
0.0,,,,,,
0.0,,,,,,
0.0,,,,,,
0.0,,,,,,
0.0,,,,,,
0.0,,,,,,
0.0,,,,,,
0.0,,,,,,
0.0,,,,,,
0.0,,,,,,
0.0,,,,,,
0.0,,,,,,
0.0,,,,,,
0.0,,,,,,
0.0,,,,,,
0.0,,,,,,
0.0,,,,,,
0.0,,,,,,
0.0,,,,,,
0.0,,,,,,
0.0,,,,,,
0.0,,,,,,
0.0,,,,,,
0.0,,,,,,
0.0,,,,,,
0.0,,,,,,
0.0,,,,,,
0.0,,,,,,
0.0,,,,,,
0.0,,,,,,
0.0,,,,,,
0.0,,,,,,
0.0,,,,,,
0.0,,,,,,
0.0,,,,,,
0.0,,,,,,
0.0,,,,,,
0.0,,,,,,
0.0,,,,,,
0.0,,,,,,
0.0,,,,,,
0.0,,,,,,
0.0,,,,,,
0.0,,,,,,
0.0,,,,,,
0.0,,,,,,
0.0,,,,,,
0.0,,,,,,
0.0,,,,,,
0.0,,,,,,
0.0,,,,,,
0.0,,,,,,
0.0,,,,,,
0.0,,,,,,
0.0,,,,,,
0.0,,,,,,
0.0,,,,,,
0.0,,,,,,
0.0,,,,,,
0.0,,,,,,
0.0,,,,,,
0.0,,,,,,
0.0,,,,,,
0.0,,,,,,
0.0,,,,,,
0.0,,,,,,
0.0,,,,,,
0.0,,,,,,
0.0,,,,,,
0.0,,,,,,
0.0,,,,,,
0.0,,,,,,
0.0,,,,,,
0.0,,,,,,
0.0,,,,,,
0.0,,,,,,
0.0,,,,,,
0.0,,,,,,
0.0,,,,,,
0.0,,,,,,
0.0,,,,,,
0.0,,,,,,
0.0,,,,,,
0.0,,,,,,
0.0,,,,,,
0.0,,,,,,
0.0,,,,,,
0.0,,,,,,
0.0,,,,,,
0.0,,,,,,
0.0,,,,,,
0.0,,,,,,
0.0,,,,,,
0.0,,,,,,
0.0,,,,,,
0.0,,,,,,
0.0,,,,,,
0.0,,,,,,
0.0,,,,,,
0.0,,,,,,
0.0,,,,,,
0.0,,,,,,
0.0,,,,,,
0.0,,,,,,
0.0,,,,,,
0.0,,,,,,
0.0,,,,,,
0.0,,,,,,
0.0,,,,,,
0.0,,,,,,
0.0,,,,,,
0.0,,,,,,
0.0,,,,,,
0.0,,,,,,
0.0,,,,,,
0.0,,,,,,
0.0,,,,,,
0.0,,,,,,
0.0,,,,,,
0.0,,,,,,
0.0,,,,,,
0.0,,,,,,
0.0,,,,,,
0.0,,,,,,
0.0,,,,,,
0.0,,,,,,
0.0,,,,,,
0.0,,,,,,
0.0,,,,,,
0.0,,,,,,
0.0,,,,,,
0.0,,,,,,
0.0,,,,,,
0.0,,,,,,
0.0,,,,,,
0.0,,,,,,
0.0,,,,,,
0.0,,,,,,
0.0,,,,,,
0.0,,,,,,
0.0,,,,,,
0.0,,,,,,
0.0,,,,,,
0.0,,,,,,
0.0,,,,,,
0.0,,,,,,
0.0,,,,,,
0.0,,,,,,
0.0,,,,,,
0.0,,,,,,
0.0,,,,,,
0.0,,,,,,
0.0,,,,,,
0.0,,,,,,
0.0,,,,,,
0.0,,,,,,
0.0,,,,,,
0.0,,,,,,
0.0,,,,,,
0.0,,,,,,
0.0,,,,,,
0.0,,,,,,
0.0,,,,,,
0.0,,,,,,
0.0,,,,,,
0.0,,,,,,
0.0,,,,,,
0.0,,,,,,
0.0,,,,,,
0.0,,,,,,
0.0,,,,,,
0.0,,,,,,
0.0,,,,,,
0.0,,,,,,
0.0,,,,,,
0.0,,,,,,
0.0,,,,,,
0.0,,,,,,
0.0,,,,,,
0.0,,,,,,
0.0,,,,,,
0.0,,,,,,
0.0,,,,,,
0.0,,,,,,
0.0,,,,,,
0.0,,,,,,
0.0,,,,,,
0.0,,,,,,
0.0,,,,,,
0.0,,,,,,
0.0,,,,,,
0.0,,,,,,
0.0,,,,,,
0.0,,,,,,
0.0,,,,,,
0.0,,,,,,
0.0,,,,,,
0.0,,,,,,
0.0,,,,,,
0.0,,,,,,
0.0,,,,,,
0.0,,,,,,
0.0,,,,,,
0.0,,,,,,
0.0,,,,,,
0.0,,,,,,
0.0,,,,,,
0.0,,,,,,
0.0,,,,,,
0.0,,,,,,
0.0,,,,,,
0.0,,,,,,
0.0,,,,,,
0.0,,,,,,
0.0,,,,,,
0.0,,,,,,
0.0,,,,,,
0.0,,,,,,
0.0,,,,,,
0.0,,,,,,
0.0,,,,,,
0.0,,,,,,
0.0,,,,,,
0.0,,,,,,
0.0,,,,,,
0.0,,,,,,
0.0,,,,,,
0.0,,,,,,
0.0,,,,,,
0.0,,,,,,
0.0,,,,,,
0.0,,,,,,
0.0,,,,,,
0.0,,,,,,
0.0,,,,,,
0.0,,,,,,
0.0,,,,,,
0.0,,,,,,
0.0,,,,,,
0.0,,,,,,
0.0,,,,,,
0.0,,,,,,
0.0,,,,,,
0.0,,,,,,
0.0,,,,,,
0.0,,,,,,
0.0,,,,,,
0.0,,,,,,
0.0,,,,,,
0.0,,,,,,
0.0,,,,,,
0.0,,,,,,
0.0,,,,,,
0.0,,,,,,
0.0,,,,,,
0.0,,,,,,
0.0,,,,,,
0.0,,,,,,
0.0,,,,,,
0.0,,,,,,
0.0,,,,,,
0.0,,,,,,
0.0,,,,,,
0.0,,,,,,
0.0,,,,,,
0.0,,,,,,
0.0,,,,,,
0.0,,,,,,
0.0,,,,,,
0.0,,,,,,
0.0,,,,,,
0.0,,,,,,
0.0,,,,,,
0.0,,,,,,
0.0,,,,,,
0.0,,,,,,
0.0,,,,,,
0.0,,,,,,
0.0,,,,,,
0.0,,,,,,
0.0,,,,,,
0.0,,,,,,
0.0,,,,,,
0.0,,,,,,
0.0,,,,,,
0.0,,,,,,
0.0,,,,,,
0.0,,,,,,
0.0,,,,,,
0.0,,,,,,
0.0,,,,,,
0.0,,,,,,
0.0,,,,,,
0.0,,,,,,
0.0,,,,,,
0.0,,,,,,
0.0,,,,,,
0.0,,,,,,
0.0,,,,,,
0.0,,,,,,
0.0,,,,,,
0.0,,,,,,
0.0,,,,,,
0.0,,,,,,
0.0,,,,,,
0.0,,,,,,
0.0,,,,,,
0.0,,,,,,
0.0,,,,,,
0.0,,,,,,
0.0,,,,,,
0.0,,,,,,
0.0,,,,,,
0.0,,,,,,
0.0,,,,,,
0.0,,,,,,
0.0,,,,,,
0.0,,,,,,
0.0,,,,,,
0.0,,,,,,
0.0,,,,,,
0.0,,,,,,
0.0,,,,,,
0.0,,,,,,
0.0,,,,,,
0.0,,,,,,
0.0,,,,,,
0.0,,,,,,
0.0,,,,,,
0.0,,,,,,
0.0,,,,,,
0.0,,,,,,
0.0,,,,,,
0.0,,,,,,
0.0,,,,,,
0.0,,,,,,
0.0,,,,,,
0.0,,,,,,
0.0,,,,,,
0.0,,,,,,
0.0,,,,,,
0.0,,,,,,
0.0,,,,,,
0.0,,,,,,
0.0,,,,,,
0.0,,,,,,
0.0,,,,,,
0.0,,,,,,
0.0,,,,,,
0.0,,,,,,
0.0,,,,,,
0.0,,,,,,
0.0,,,,,,
0.0,,,,,,
0.0,,,,,,
0.0,,,,,,
0.0,,,,,,
0.0,,,,,,
0.0,,,,,,
0.0,,,,,,
0.0,,,,,,
0.0,,,,,,
0.0,,,,,,
0.0,,,,,,
0.0,,,,,,
0.0,,,,,,
0.0,,,,,,
0.0,,,,,,
0.0,,,,,,
0.0,,,,,,
0.0,,,,,,
0.0,,,,,,
0.0,,,,,,
0.0,,,,,,
0.0,,,,,,
0.0,,,,,,
0.0,,,,,,
0.0,,,,,,
0.0,,,,,,
0.0,,,,,,
0.0,,,,,,
0.0,,,,,,
0.0,,,,,,
0.0,,,,,,
0.0,,,,,,
0.0,,,,,,
0.0,,,,,,
0.0,,,,,,
0.0,,,,,,
0.0,,,,,,
0.0,,,,,,
0.0,,,,,,
0.0,,,,,,
0.0,,,,,,
0.0,,,,,,
0.0,,,,,,
0.0,,,,,,
0.0,,,,,,
0.0,,,,,,
0.0,,,,,,
0.0,,,,,,
0.0,,,,,,
0.0,,,,,,
0.0,,,,,,
0.0,,,,,,
0.0,,,,,,
0.0,,,,,,
0.0,,,,,,
0.0,,,,,,
0.0,,,,,,
0.0,,,,,,
0.0,,,,,,
0.0,,,,,,
0.0,,,,,,
0.0,,,,,,
0.0,,,,,,
0.0,,,,,,
0.0,,,,,,
0.0,,,,,,
0.0,,,,,,
0.0,,,,,,
0.0,,,,,,
0.0,,,,,,
0.0,,,,,,
0.0,,,,,,
0.0,,,,,,
0.0,,,,,,
0.0,,,,,,
0.0,,,,,,
0.0,,,,,,
0.0,,,,,,
0.0,,,,,,
0.0,,,,,,
0.0,,,,,,
0.0,,,,,,
0.0,,,,,,
0.0,,,,,,
0.0,,,,,,
0.0,,,,,,
0.0,,,,,,
0.0,,,,,,
0.0,,,,,,
0.0,,,,,,
0.0,,,,,,
0.0,,,,,,
0.0,,,,,,
0.0,,,,,,
0.0,,,,,,
0.0,,,,,,
0.0,,,,,,
0.0,,,,,,
0.0,,,,,,
0.0,,,,,,
0.0,,,,,,
0.0,,,,,,
0.0,,,,,,
0.0,,,,,,
0.0,,,,,,
0.0,,,,,,
0.0,,,,,,
0.0,,,,,,
0.0,,,,,,
0.0,,,,,,
0.0,,,,,,
0.0,,,,,,
0.0,,,,,,
0.0,,,,,,
0.0,,,,,,
0.0,,,,,,
0.0,,,,,,
0.0,,,,,,
0.0,,,,,,
0.0,,,,,,
0.0,,,,,,
0.0,,,,,,
0.0,,,,,,
0.0,,,,,,
0.0,,,,,,
0.0,,,,,,
0.0,,,,,,
0.0,,,,,,
0.0,,,,,,
0.0,,,,,,
0.0,,,,,,
0.0,,,,,,
0.0,,,,,,
0.0,,,,,,
0.0,,,,,,
0.0,,,,,,
0.0,,,,,,
0.0,,,,,,
0.0,,,,,,
0.0,,,,,,
0.0,,,,,,
0.0,,,,,,
0.0,,,,,,
0.0,,,,,,
0.0,,,,,,
0.0,,,,,,
0.0,,,,,,
0.0,,,,,,
0.0,,,,,,
0.0,,,,,,
0.0,,,,,,
0.0,,,,,,
0.0,,,,,,
0.0,,,,,,
0.0,,,,,,
0.0,,,,,,
0.0,,,,,,
0.0,,,,,,
0.0,,,,,,
0.0,,,,,,
0.0,,,,,,
0.0,,,,,,
0.0,,,,,,
0.0,,,,,,
0.0,,,,,,
0.0,,,,,,
0.0,,,,,,
0.0,,,,,,
0.0,,,,,,
0.0,,,,,,
0.0,,,,,,
0.0,,,,,,
0.0,,,,,,
0.0,,,,,,
0.0,,,,,,
0.0,,,,,,
0.0,,,,,,
0.0,,,,,,
0.0,,,,,,
0.0,,,,,,
0.0,,,,,,
0.0,,,,,,
0.0,,,,,,
0.0,,,,,,
0.0,,,,,,
0.0,,,,,,
0.0,,,,,,
0.0,,,,,,
0.0,,,,,,
0.0,,,,,,
0.0,,,,,,
0.0,,,,,,
0.0,,,,,,
0.0,,,,,,
0.0,,,,,,
0.0,,,,,,
0.0,,,,,,
0.0,,,,,,
0.0,,,,,,
0.0,,,,,,
0.0,,,,,,
0.0,,,,,,
0.0,,,,,,
0.0,,,,,,
0.0,,,,,,
0.0,,,,,,
0.0,,,,,,
0.0,,,,,,
0.0,,,,,,
0.0,,,,,,
0.0,,,,,,
0.0,,,,,,
0.0,,,,,,
0.0,,,,,,
0.0,,,,,,
0.0,,,,,,
0.0,,,,,,
0.0,,,,,,
0.0,,,,,,
0.0,,,,,,
0.0,,,,,,
0.0,,,,,,
0.0,,,,,,
0.0,,,,,,
0.0,,,,,,
0.0,,,,,,
0.0,,,,,,
0.0,,,,,,
0.0,,,,,,
0.0,,,,,,
0.0,,,,,,
0.0,,,,,,
0.0,,,,,,
0.0,,,,,,
0.0,,,,,,
0.0,,,,,,
0.0,,,,,,
0.0,,,,,,
0.0,,,,,,
0.0,,,,,,
0.0,,,,,,
0.0,,,,,,
0.0,,,,,,
0.0,,,,,,
0.0,,,,,,
0.0,,,,,,
0.0,,,,,,
0.0,,,,,,
0.0,,,,,,
0.0,,,,,,
0.0,,,,,,
0.0,,,,,,
0.0,,,,,,
0.0,,,,,,
0.0,,,,,,
0.0,,,,,,
0.0,,,,,,
0.0,,,,,,
0.0,,,,,,
0.0,,,,,,
0.0,,,,,,
0.0,,,,,,
0.0,,,,,,
0.0,,,,,,
0.0,,,,,,
0.0,,,,,,
0.0,,,,,,
0.0,,,,,,
0.0,,,,,,
0.0,,,,,,
0.0,,,,,,
0.0,,,,,,
0.0,,,,,,
0.0,,,,,,
0.0,,,,,,
0.0,,,,,,
0.0,,,,,,
0.0,,,,,,
0.0,,,,,,
0.0,,,,,,
0.0,,,,,,
0.0,,,,,,
0.0,,,,,,
0.0,,,,,,
0.0,,,,,,
0.0,,,,,,
0.0,,,,,,
0.0,,,,,,
0.0,,,,,,
0.0,,,,,,
0.0,,,,,,
0.0,,,,,,
0.0,,,,,,
0.0,,,,,,
0.0,,,,,,
0.0,,,,,,
0.0,,,,,,
0.0,,,,,,
0.0,,,,,,
0.0,,,,,,
0.0,,,,,,
0.0,,,,,,
0.0,,,,,,
0.0,,,,,,
0.0,,,,,,
0.0,,,,,,
0.0,,,,,,
0.0,,,,,,
0.0,,,,,,
0.0,,,,,,
0.0,,,,,,
0.0,,,,,,
0.0,,,,,,
0.0,,,,,,
0.0,,,,,,
0.0,,,,,,
0.0,,,,,,
0.0,,,,,,
0.0,,,,,,
0.0,,,,,,
0.0,,,,,,
0.0,,,,,,
0.0,,,,,,
0.0,,,,,,
0.0,,,,,,
0.0,,,,,,
0.0,,,,,,
0.0,,,,,,
0.0,,,,,,
0.0,,,,,,
0.0,,,,,,
0.0,,,,,,
0.0,,,,,,
0.0,,,,,,
0.0,,,,,,
0.0,,,,,,
0.0,,,,,,
0.0,,,,,,
0.0,,,,,,
0.0,,,,,,
0.0,,,,,,
0.0,,,,,,
0.0,,,,,,
0.0,,,,,,
0.0,,,,,,
0.0,,,,,,
0.0,,,,,,
0.0,,,,,,
0.0,,,,,,
0.0,,,,,,
0.0,,,,,,
0.0,,,,,,
0.0,,,,,,
0.0,,,,,,
0.0,,,,,,
0.0,,,,,,
0.0,,,,,,
0.0,,,,,,
0.0,,,,,,
0.0,,,,,,
0.0,,,,,,
0.0,,,,,,
0.0,,,,,,
0.0,,,,,,
0.0,,,,,,
0.0,,,,,,
0.0,,,,,,
0.0,,,,,,
0.0,,,,,,
0.0,,,,,,
0.0,,,,,,
0.0,,,,,,
0.0,,,,,,
0.0,,,,,,
0.0,,,,,,
0.0,,,,,,
0.0,,,,,,
0.0,,,,,,
0.0,,,,,,
0.0,,,,,,
0.0,,,,,,
0.0,,,,,,
0.0,,,,,,
0.0,,,,,,
0.0,,,,,,
0.0,,,,,,
0.0,,,,,,
0.0,,,,,,
0.0,,,,,,
0.0,,,,,,
0.0,,,,,,
0.0,,,,,,
0.0,,,,,,
0.0,,,,,,
0.0,,,,,,
0.0,,,,,,
0.0,,,,,,
0.0,,,,,,
0.0,,,,,,
0.0,,,,,,
0.0,,,,,,
0.0,,,,,,
0.0,,,,,,
0.0,,,,,,
0.0,,,,,,
0.0,,,,,,
0.0,,,,,,
0.0,,,,,,
0.0,,,,,,
0.0,,,,,,
0.0,,,,,,
0.0,,,,,,
0.0,,,,,,
0.0,,,,,,
0.0,,,,,,
0.0,,,,,,
0.0,,,,,,
0.0,,,,,,
0.0,,,,,,
0.0,,,,,,
0.0,,,,,,
0.0,,,,,,
0.0,,,,,,
0.0,,,,,,
0.0,,,,,,
0.0,,,,,,
0.0,,,,,,
0.0,,,,,,
0.0,,,,,,
0.0,,,,,,
0.0,,,,,,
0.0,,,,,,
0.0,,,,,,
0.0,,,,,,
0.0,,,,,,
0.0,,,,,,
0.0,,,,,,
0.0,,,,,,
0.0,,,,,,
0.0,,,,,,
0.0,,,,,,
0.0,,,,,,
0.0,,,,,,
0.0,,,,,,
0.0,,,,,,
0.0,,,,,,
0.0,,,,,,
0.0,,,,,,
0.0,,,,,,
0.0,,,,,,
0.0,,,,,,
0.0,,,,,,
0.0,,,,,,
0.0,,,,,,
0.0,,,,,,
0.0,,,,,,
0.0,,,,,,
0.0,,,,,,
0.0,,,,,,
0.0,,,,,,
0.0,,,,,,
0.0,,,,,,
0.0,,,,,,
0.0,,,,,,
0.0,,,,,,
0.0,,,,,,
0.0,,,,,,
0.0,,,,,,
0.0,,,,,,
0.0,,,,,,
0.0,,,,,,
0.0,,,,,,
0.0,,,,,,
0.0,,,,,,
0.0,,,,,,
0.0,,,,,,
0.0,,,,,,
0.0,,,,,,
0.0,,,,,,
0.0,,,,,,
0.0,,,,,,
0.0,,,,,,
0.0,,,,,,
0.0,,,,,,
0.0,,,,,,
0.0,,,,,,
0.0,,,,,,
0.0,,,,,,
0.0,,,,,,
0.0,,,,,,
0.0,,,,,,
0.0,,,,,,
0.0,,,,,,
0.0,,,,,,
0.0,,,,,,
0.0,,,,,,
0.0,,,,,,
0.0,,,,,,
0.0,,,,,,
0.0,,,,,,
0.0,,,,,,
0.0,,,,,,
0.0,,,,,,
0.0,,,,,,
0.0,,,,,,
0.0,,,,,,
0.0,,,,,,
0.0,,,,,,
0.0,,,,,,
0.0,,,,,,
0.0,,,,,,
0.0,,,,,,
0.0,,,,,,
0.0,,,,,,
0.0,,,,,,
0.0,,,,,,
0.0,,,,,,
0.0,,,,,,
0.0,,,,,,
0.0,,,,,,
0.0,,,,,,
0.0,,,,,,
0.0,,,,,,
0.0,,,,,,
0.0,,,,,,
0.0,,,,,,
0.0,,,,,,
0.0,,,,,,
0.0,,,,,,
0.0,,,,,,
0.0,,,,,,
0.0,,,,,,
0.0,,,,,,
0.0,,,,,,
0.0,,,,,,
0.0,,,,,,
0.0,,,,,,
0.0,,,,,,
0.0,,,,,,
0.0,,,,,,
0.0,,,,,,
0.0,,,,,,
0.0,,,,,,
0.0,,,,,,
0.0,,,,,,
0.0,,,,,,
0.0,,,,,,
0.0,,,,,,
0.0,,,,,,
0.0,,,,,,
0.0,,,,,,
0.0,,,,,,
0.0,,,,,,
0.0,,,,,,
0.0,,,,,,
0.0,,,,,,
0.0,,,,,,
0.0,,,,,,
0.0,,,,,,
0.0,,,,,,
0.0,,,,,,
0.0,,,,,,
0.0,,,,,,
0.0,,,,,,
0.0,,,,,,
0.0,,,,,,
0.0,,,,,,
0.0,,,,,,
0.0,,,,,,
0.0,,,,,,
0.0,,,,,,
0.0,,,,,,
0.0,,,,,,
0.0,,,,,,
0.0,,,,,,
0.0,,,,,,
0.0,,,,,,
0.0,,,,,,
0.0,,,,,,
0.0,,,,,,
0.0,,,,,,
0.0,,,,,,
0.0,,,,,,
0.0,,,,,,
0.0,,,,,,
0.0,,,,,,
0.0,,,,,,
0.0,,,,,,
0.0,,,,,,
0.0,,,,,,
0.0,,,,,,
0.0,,,,,,
0.0,,,,,,
0.0,,,,,,
0.0,,,,,,
0.0,,,,,,
0.0,,,,,,
0.0,,,,,,
0.0,,,,,,
0.0,,,,,,
0.0,,,,,,
0.0,,,,,,
0.0,,,,,,
0.0,,,,,,
0.0,,,,,,
0.0,,,,,,
0.0,,,,,,
0.0,,,,,,
0.0,,,,,,
0.0,,,,,,
0.0,,,,,,
0.0,,,,,,
0.0,,,,,,
0.0,,,,,,
0.0,,,,,,
0.0,,,,,,
0.0,,,,,,
0.0,,,,,,
0.0,,,,,,
0.0,,,,,,
0.0,,,,,,
0.0,,,,,,
0.0,,,,,,
0.0,,,,,,
0.0,,,,,,
0.0,,,,,,
0.0,,,,,,
0.0,,,,,,
0.0,,,,,,
0.0,,,,,,
0.0,,,,,,
0.0,,,,,,
0.0,,,,,,
0.0,,,,,,
0.0,,,,,,
0.0,,,,,,
0.0,,,,,,
0.0,,,,,,
0.0,,,,,,
0.0,,,,,,
0.0,,,,,,
0.0,,,,,,
0.0,,,,,,
0.0,,,,,,
0.0,,,,,,
0.0,,,,,,
0.0,,,,,,
0.0,,,,,,
0.0,,,,,,
0.0,,,,,,
0.0,,,,,,
0.0,,,,,,
0.0,,,,,,
0.0,,,,,,
0.0,,,,,,
0.0,,,,,,
0.0,,,,,,
0.0,,,,,,
0.0,,,,,,
0.0,,,,,,
0.0,,,,,,
0.0,,,,,,
0.0,,,,,,
0.0,,,,,,
0.0,,,,,,
0.0,,,,,,
0.0,,,,,,
0.0,,,,,,
0.0,,,,,,
0.0,,,,,,
0.0,,,,,,
0.0,,,,,,
0.0,,,,,,
0.0,,,,,,
0.0,,,,,,
0.0,,,,,,
0.0,,,,,,
0.0,,,,,,
0.0,,,,,,
0.0,,,,,,
0.0,,,,,,
0.0,,,,,,
0.0,,,,,,
0.0,,,,,,
0.0,,,,,,
0.0,,,,,,
0.0,,,,,,
0.0,,,,,,
0.0,,,,,,
0.0,,,,,,
0.0,,,,,,
0.0,,,,,,
0.0,,,,,,
0.0,,,,,,
0.0,,,,,,
0.0,,,,,,
0.0,,,,,,
0.0,,,,,,
0.0,,,,,,
0.0,,,,,,
0.0,,,,,,
0.0,,,,,,
0.0,,,,,,
0.0,,,,,,
0.0,,,,,,
0.0,,,,,,
0.0,,,,,,
0.0,,,,,,
0.0,,,,,,
0.0,,,,,,
0.0,,,,,,
0.0,,,,,,
0.0,,,,,,
0.0,,,,,,
0.0,,,,,,
0.0,,,,,,
0.0,,,,,,
0.0,,,,,,
0.0,,,,,,
0.0,,,,,,
0.0,,,,,,
0.0,,,,,,
0.0,,,,,,
0.0,,,,,,
0.0,,,,,,
0.0,,,,,,
0.0,,,,,,
0.0,,,,,,
0.0,,,,,,
0.0,,,,,,
0.0,,,,,,
0.0,,,,,,
0.0,,,,,,
0.0,,,,,,
0.0,,,,,,
0.0,,,,,,
0.0,,,,,,
0.0,,,,,,
0.0,,,,,,
0.0,,,,,,
0.0,,,,,,
0.0,,,,,,
0.0,,,,,,
0.0,,,,,,
0.0,,,,,,
0.0,,,,,,
0.0,,,,,,
0.0,,,,,,
0.0,,,,,,
0.0,,,,,,
0.0,,,,,,
0.0,,,,,,
0.0,,,,,,
0.0,,,,,,
0.0,,,,,,
0.0,,,,,,
0.0,,,,,,
0.0,,,,,,
0.0,,,,,,
0.0,,,,,,
0.0,,,,,,
0.0,,,,,,
0.0,,,,,,
0.0,,,,,,
0.0,,,,,,
0.0,,,,,,
0.0,,,,,,
0.0,,,,,,
0.0,,,,,,
0.0,,,,,,
0.0,,,,,,
0.0,,,,,,
0.0,,,,,,
0.0,,,,,,
0.0,,,,,,
0.0,,,,,,
0.0,,,,,,
0.0,,,,,,
0.0,,,,,,
0.0,,,,,,
0.0,,,,,,
0.0,,,,,,
0.0,,,,,,
0.0,,,,,,
0.0,,,,,,
0.0,,,,,,
0.0,,,,,,
0.0,,,,,,
0.0,,,,,,
0.0,,,,,,
0.0,,,,,,
0.0,,,,,,
0.0,,,,,,
0.0,,,,,,
0.0,,,,,,
0.0,,,,,,
0.0,,,,,,
0.0,,,,,,
0.0,,,,,,
0.0,,,,,,
0.0,,,,,,
0.0,,,,,,
0.0,,,,,,
0.0,,,,,,
0.0,,,,,,
0.0,,,,,,
0.0,,,,,,
0.0,,,,,,
0.0,,,,,,
0.0,,,,,,
0.0,,,,,,
0.0,,,,,,
0.0,,,,,,
0.0,,,,,,
0.0,,,,,,
0.0,,,,,,
0.0,,,,,,
0.0,,,,,,
0.0,,,,,,
0.0,,,,,,
0.0,,,,,,
0.0,,,,,,
0.0,,,,,,
0.0,,,,,,
0.0,,,,,,
0.0,,,,,,
0.0,,,,,,
0.0,,,,,,
0.0,,,,,,
0.0,,,,,,
0.0,,,,,,
0.0,,,,,,
0.0,,,,,,
0.0,,,,,,
0.0,,,,,,
0.0,,,,,,
0.0,,,,,,
0.0,,,,,,
0.0,,,,,,
0.0,,,,,,
0.0,,,,,,
0.0,,,,,,
0.0,,,,,,
0.0,,,,,,
0.0,,,,,,
0.0,,,,,,
0.0,,,,,,
0.0,,,,,,
0.0,,,,,,
0.0,,,,,,
0.0,,,,,,
0.0,,,,,,
0.0,,,,,,
0.0,,,,,,
0.0,,,,,,
0.0,,,,,,
0.0,,,,,,
0.0,,,,,,
0.0,,,,,,
0.0,,,,,,
0.0,,,,,,
0.0,,,,,,
0.0,,,,,,
0.0,,,,,,
0.0,,,,,,
0.0,,,,,,
0.0,,,,,,
0.0,,,,,,
0.0,,,,,,
0.0,,,,,,
0.0,,,,,,
0.0,,,,,,
0.0,,,,,,
0.0,,,,,,
0.0,,,,,,
0.0,,,,,,
0.0,,,,,,
0.0,,,,,,
0.0,,,,,,
0.0,,,,,,
0.0,,,,,,
0.0,,,,,,
0.0,,,,,,
0.0,,,,,,
0.0,,,,,,
0.0,,,,,,
0.0,,,,,,
0.0,,,,,,
0.0,,,,,,
0.0,,,,,,
0.0,,,,,,
0.0,,,,,,
0.0,,,,,,
0.0,,,,,,
0.0,,,,,,
0.0,,,,,,
0.0,,,,,,
0.0,,,,,,
0.0,,,,,,
0.0,,,,,,
0.0,,,,,,
0.0,,,,,,
0.0,,,,,,
0.0,,,,,,
0.0,,,,,,
0.0,,,,,,
0.0,,,,,,
0.0,,,,,,
0.0,,,,,,
0.0,,,,,,
0.0,,,,,,
0.0,,,,,,
0.0,,,,,,
0.0,,,,,,
0.0,,,,,,
0.0,,,,,,
0.0,,,,,,
0.0,,,,,,
0.0,,,,,,
0.0,,,,,,
0.0,,,,,,
0.0,,,,,,
0.0,,,,,,
0.0,,,,,,
0.0,,,,,,
0.0,,,,,,
0.0,,,,,,
0.0,,,,,,
0.0,,,,,,
0.0,,,,,,
0.0,,,,,,
0.0,,,,,,
0.0,,,,,,
0.0,,,,,,
0.0,,,,,,
0.0,,,,,,
0.0,,,,,,
0.0,,,,,,
0.0,,,,,,
0.0,,,,,,
0.0,,,,,,
0.0,,,,,,
0.0,,,,,,
0.0,,,,,,
0.0,,,,,,
0.0,,,,,,
0.0,,,,,,
0.0,,,,,,
0.0,,,,,,
0.0,,,,,,
0.0,,,,,,
0.0,,,,,,
0.0,,,,,,
0.0,,,,,,
0.0,,,,,,
0.0,,,,,,
0.0,,,,,,
0.0,,,,,,
0.0,,,,,,
0.0,,,,,,
0.0,,,,,,
0.0,,,,,,
0.0,,,,,,
0.0,,,,,,
0.0,,,,,,
0.0,,,,,,
0.0,,,,,,
0.0,,,,,,
0.0,,,,,,
0.0,,,,,,
0.0,,,,,,
0.0,,,,,,
0.0,,,,,,
0.0,,,,,,
0.0,,,,,,
0.0,,,,,,
0.0,,,,,,
0.0,,,,,,
0.0,,,,,,
0.0,,,,,,
0.0,,,,,,
0.0,,,,,,
0.0,,,,,,
0.0,,,,,,
0.0,,,,,,
0.0,,,,,,
0.0,,,,,,
0.0,,,,,,
0.0,,,,,,
0.0,,,,,,
0.0,,,,,,
0.0,,,,,,
0.0,,,,,,
0.0,,,,,,
0.0,,,,,,
0.0,,,,,,
0.0,,,,,,
0.0,,,,,,
0.0,,,,,,
0.0,,,,,,
0.0,,,,,,
0.0,,,,,,
0.0,,,,,,
0.0,,,,,,
0.0,,,,,,
0.0,,,,,,
0.0,,,,,,
0.0,,,,,,
0.0,,,,,,
0.0,,,,,,
0.0,,,,,,
0.0,,,,,,
0.0,,,,,,
0.0,,,,,,
0.0,,,,,,
0.0,,,,,,
0.0,,,,,,
0.0,,,,,,
0.0,,,,,,
0.0,,,,,,
0.0,,,,,,
0.0,,,,,,
0.0,,,,,,
0.0,,,,,,
0.0,,,,,,
0.0,,,,,,
0.0,,,,,,
0.0,,,,,,
0.0,,,,,,
0.0,,,,,,
0.0,,,,,,
0.0,,,,,,
0.0,,,,,,
0.0,,,,,,
0.0,,,,,,
0.0,,,,,,
0.0,,,,,,
0.0,,,,,,
0.0,,,,,,
0.0,,,,,,
0.0,,,,,,
0.0,,,,,,
0.0,,,,,,
0.0,,,,,,
0.0,,,,,,
0.0,,,,,,
0.0,,,,,,
0.0,,,,,,
0.0,,,,,,
0.0,,,,,,
0.0,,,,,,
0.0,,,,,,
0.0,,,,,,
0.0,,,,,,
0.0,,,,,,
0.0,,,,,,
0.0,,,,,,
0.0,,,,,,
0.0,,,,,,
0.0,,,,,,
0.0,,,,,,
0.0,,,,,,
0.0,,,,,,
0.0,,,,,,
0.0,,,,,,
0.0,,,,,,
0.0,,,,,,
0.0,,,,,,
0.0,,,,,,
0.0,,,,,,
0.0,,,,,,
0.0,,,,,,
0.0,,,,,,
0.0,,,,,,
0.0,,,,,,
0.0,,,,,,
0.0,,,,,,
0.0,,,,,,
0.0,,,,,,
0.0,,,,,,
0.0,,,,,,
0.0,,,,,,
0.0,,,,,,
0.0,,,,,,
0.0,,,,,,
0.0,,,,,,
0.0,,,,,,
0.0,,,,,,
0.0,,,,,,
0.0,,,,,,
0.0,,,,,,
0.0,,,,,,
0.0,,,,,,
0.0,,,,,,
0.0,,,,,,
0.0,,,,,,
0.0,,,,,,
0.0,,,,,,
0.0,,,,,,
0.0,,,,,,
0.0,,,,,,
0.0,,,,,,
0.0,,,,,,
0.0,,,,,,
0.0,,,,,,
0.0,,,,,,
0.0,,,,,,
0.0,,,,,,
0.0,,,,,,
0.0,,,,,,
0.0,,,,,,
0.0,,,,,,
0.0,,,,,,
0.0,,,,,,
0.0,,,,,,
0.0,,,,,,
0.0,,,,,,
0.0,,,,,,
0.0,,,,,,
0.0,,,,,,
0.0,,,,,,
0.0,,,,,,
0.0,,,,,,
0.0,,,,,,
0.0,,,,,,
0.0,,,,,,
0.0,,,,,,
0.0,,,,,,
0.0,,,,,,
0.0,,,,,,
0.0,,,,,,
0.0,,,,,,
0.0,,,,,,
0.0,,,,,,
0.0,,,,,,
0.0,,,,,,
0.0,,,,,,
0.0,,,,,,
0.0,,,,,,
0.0,,,,,,
0.0,,,,,,
0.0,,,,,,
0.0,,,,,,
0.0,,,,,,
0.0,,,,,,
0.0,,,,,,
0.0,,,,,,
0.0,,,,,,
0.0,,,,,,
0.0,,,,,,
0.0,,,,,,
0.0,,,,,,
0.0,,,,,,
0.0,,,,,,
0.0,,,,,,
0.0,,,,,,
0.0,,,,,,
0.0,,,,,,
0.0,,,,,,
0.0,,,,,,
0.0,,,,,,
0.0,,,,,,
0.0,,,,,,
0.0,,,,,,
0.0,,,,,,
0.0,,,,,,
0.0,,,,,,
0.0,,,,,,
0.0,,,,,,
0.0,,,,,,
0.0,,,,,,
0.0,,,,,,
0.0,,,,,,
0.0,,,,,,
0.0,,,,,,
0.0,,,,,,
0.0,,,,,,
0.0,,,,,,
0.0,,,,,,
0.0,,,,,,
0.0,,,,,,
0.0,,,,,,
0.0,,,,,,
0.0,,,,,,
0.0,,,,,,
0.0,,,,,,
0.0,,,,,,
0.0,,,,,,
0.0,,,,,,
0.0,,,,,,
0.0,,,,,,
0.0,,,,,,
0.0,,,,,,
0.0,,,,,,
0.0,,,,,,
0.0,,,,,,
0.0,,,,,,
0.0,,,,,,
0.0,,,,,,
0.0,,,,,,
0.0,,,,,,
0.0,,,,,,
0.0,,,,,,
0.0,,,,,,
0.0,,,,,,
0.0,,,,,,
0.0,,,,,,
0.0,,,,,,
0.0,,,,,,
0.0,,,,,,
0.0,,,,,,
0.0,,,,,,
0.0,,,,,,
0.0,,,,,,
0.0,,,,,,
0.0,,,,,,
0.0,,,,,,
0.0,,,,,,
0.0,,,,,,
0.0,,,,,,
0.0,,,,,,
0.0,,,,,,
0.0,,,,,,
0.0,,,,,,
0.0,,,,,,
0.0,,,,,,
0.0,,,,,,
0.0,,,,,,
0.0,,,,,,
0.0,,,,,,
0.0,,,,,,
0.0,,,,,,
0.0,,,,,,
0.0,,,,,,
0.0,,,,,,
0.0,,,,,,
0.0,,,,,,
0.0,,,,,,
0.0,,,,,,
0.0,,,,,,
0.0,,,,,,
0.0,,,,,,
0.0,,,,,,
0.0,,,,,,
0.0,,,,,,
0.0,,,,,,
0.0,,,,,,
0.0,,,,,,
0.0,,,,,,
0.0,,,,,,
0.0,,,,,,
0.0,,,,,,
0.0,,,,,,
0.0,,,,,,
0.0,,,,,,
0.0,,,,,,
0.0,,,,,,
0.0,,,,,,
0.0,,,,,,
0.0,,,,,,
0.0,,,,,,
0.0,,,,,,
0.0,,,,,,
0.0,,,,,,
0.0,,,,,,
0.0,,,,,,
0.0,,,,,,
0.0,,,,,,
0.0,,,,,,
0.0,,,,,,
0.0,,,,,,
0.0,,,,,,
0.0,,,,,,
0.0,,,,,,
0.0,,,,,,
0.0,,,,,,
0.0,,,,,,
0.0,,,,,,
0.0,,,,,,
0.0,,,,,,
0.0,,,,,,
0.0,,,,,,
0.0,,,,,,
0.0,,,,,,
0.0,,,,,,
0.0,,,,,,
0.0,,,,,,
0.0,,,,,,
0.0,,,,,,
0.0,,,,,,
0.0,,,,,,
0.0,,,,,,
0.0,,,,,,
0.0,,,,,,
0.0,,,,,,
0.0,,,,,,
0.0,,,,,,
0.0,,,,,,
0.0,,,,,,
0.0,,,,,,
0.0,,,,,,
0.0,,,,,,
0.0,,,,,,
0.0,,,,,,
0.0,,,,,,
0.0,,,,,,
0.0,,,,,,
0.0,,,,,,
0.0,,,,,,
0.0,,,,,,
0.0,,,,,,
0.0,,,,,,
0.0,,,,,,
0.0,,,,,,
0.0,,,,,,
0.0,,,,,,
0.0,,,,,,
0.0,,,,,,
0.0,,,,,,
0.0,,,,,,
0.0,,,,,,
0.0,,,,,,
0.0,,,,,,
0.0,,,,,,
0.0,,,,,,
0.0,,,,,,
0.0,,,,,,
0.0,,,,,,
0.0,,,,,,
0.0,,,,,,
0.0,,,,,,
0.0,,,,,,
0.0,,,,,,
0.0,,,,,,
0.0,,,,,,
0.0,,,,,,
0.0,,,,,,
0.0,,,,,,
0.0,,,,,,
0.0,,,,,,
0.0,,,,,,
0.0,,,,,,
0.0,,,,,,
0.0,,,,,,
0.0,,,,,,
0.0,,,,,,
0.0,,,,,,
0.0,,,,,,
0.0,,,,,,
0.0,,,,,,
0.0,,,,,,
0.0,,,,,,
0.0,,,,,,
0.0,,,,,,
0.0,,,,,,
0.0,,,,,,
0.0,,,,,,
0.0,,,,,,
0.0,,,,,,
0.0,,,,,,
0.0,,,,,,
0.0,,,,,,
0.0,,,,,,
0.0,,,,,,
0.0,,,,,,
0.0,,,,,,
0.0,,,,,,
0.0,,,,,,
0.0,,,,,,
0.0,,,,,,
0.0,,,,,,
0.0,,,,,,
0.0,,,,,,
0.0,,,,,,
0.0,,,,,,
0.0,,,,,,
0.0,,,,,,
0.0,,,,,,
0.0,,,,,,
0.0,,,,,,
0.0,,,,,,
0.0,,,,,,
0.0,,,,,,
0.0,,,,,,
0.0,,,,,,
0.0,,,,,,
0.0,,,,,,
0.0,,,,,,
0.0,,,,,,
0.0,,,,,,
0.0,,,,,,
0.0,,,,,,
0.0,,,,,,
0.0,,,,,,
0.0,,,,,,
0.0,,,,,,
0.0,,,,,,
0.0,,,,,,
0.0,,,,,,
0.0,,,,,,
0.0,,,,,,
0.0,,,,,,
0.0,,,,,,
0.0,,,,,,
0.0,,,,,,
0.0,,,,,,
0.0,,,,,,
0.0,,,,,,
0.0,,,,,,
0.0,,,,,,
0.0,,,,,,
0.0,,,,,,
0.0,,,,,,
0.0,,,,,,
0.0,,,,,,
0.0,,,,,,
0.0,,,,,,
0.0,,,,,,
0.0,,,,,,
0.0,,,,,,
0.0,,,,,,
0.0,,,,,,
0.0,,,,,,
0.0,,,,,,
0.0,,,,,,
0.0,,,,,,
0.0,,,,,,
0.0,,,,,,
0.0,,,,,,
0.0,,,,,,
0.0,,,,,,
0.0,,,,,,
0.0,,,,,,
0.0,,,,,,
0.0,,,,,,
0.0,,,,,,
0.0,,,,,,
0.0,,,,,,
0.0,,,,,,
0.0,,,,,,
0.0,,,,,,
0.0,,,,,,
0.0,,,,,,
0.0,,,,,,
0.0,,,,,,
0.0,,,,,,
0.0,,,,,,
0.0,,,,,,
0.0,,,,,,
0.0,,,,,,
0.0,,,,,,
0.0,,,,,,
0.0,,,,,,
0.0,,,,,,
0.0,,,,,,
0.0,,,,,,
0.0,,,,,,
0.0,,,,,,
0.0,,,,,,
0.0,,,,,,
0.0,,,,,,
0.0,,,,,,
0.0,,,,,,
0.0,,,,,,
0.0,,,,,,
0.0,,,,,,
0.0,,,,,,
0.0,,,,,,
0.0,,,,,,
0.0,,,,,,
0.0,,,,,,
0.0,,,,,,
0.0,,,,,,
0.0,,,,,,
0.0,,,,,,
0.0,,,,,,
0.0,,,,,,
0.0,,,,,,
0.0,,,,,,
0.0,,,,,,
0.0,,,,,,
0.0,,,,,,
0.0,,,,,,
0.0,,,,,,
0.0,,,,,,
0.0,,,,,,
0.0,,,,,,
0.0,,,,,,
0.0,,,,,,
0.0,,,,,,
0.0,,,,,,
0.0,,,,,,
0.0,,,,,,
0.0,,,,,,
0.0,,,,,,
0.0,,,,,,
0.0,,,,,,
0.0,,,,,,
0.0,,,,,,
0.0,,,,,,
0.0,,,,,,
0.0,,,,,,
0.0,,,,,,
0.0,,,,,,
0.0,,,,,,
0.0,,,,,,
0.0,,,,,,
0.0,,,,,,
0.0,,,,,,
0.0,,,,,,
0.0,,,,,,
0.0,,,,,,
0.0,,,,,,
0.0,,,,,,
0.0,,,,,,
0.0,,,,,,
0.0,,,,,,
0.0,,,,,,
0.0,,,,,,
0.0,,,,,,
0.0,,,,,,
0.0,,,,,,
0.0,,,,,,
0.0,,,,,,
0.0,,,,,,
0.0,,,,,,
0.0,,,,,,
0.0,,,,,,
0.0,,,,,,
0.0,,,,,,
0.0,,,,,,
0.0,,,,,,
0.0,,,,,,
0.0,,,,,,
0.0,,,,,,
0.0,,,,,,
0.0,,,,,,
0.0,,,,,,
0.0,,,,,,
0.0,,,,,,
0.0,,,,,,
0.0,,,,,,
0.0,,,,,,
0.0,,,,,,
0.0,,,,,,
0.0,,,,,,
0.0,,,,,,
0.0,,,,,,
0.0,,,,,,
0.0,,,,,,
0.0,,,,,,
0.0,,,,,,
0.0,,,,,,
0.0,,,,,,
0.0,,,,,,
0.0,,,,,,
0.0,,,,,,
0.0,,,,,,
0.0,,,,,,
0.0,,,,,,
0.0,,,,,,
0.0,,,,,,
0.0,,,,,,
0.0,,,,,,
0.0,,,,,,
0.0,,,,,,
0.0,,,,,,
0.0,,,,,,
0.0,,,,,,
0.0,,,,,,
0.0,,,,,,
0.0,,,,,,
0.0,,,,,,
0.0,,,,,,
0.0,,,,,,
0.0,,,,,,
0.0,,,,,,
0.0,,,,,,
0.0,,,,,,
0.0,,,,,,
0.0,,,,,,
0.0,,,,,,
0.0,,,,,,
0.0,,,,,,
0.0,,,,,,
0.0,,,,,,
0.0,,,,,,
0.0,,,,,,
0.0,,,,,,
0.0,,,,,,
0.0,,,,,,
0.0,,,,,,
0.0,,,,,,
0.0,,,,,,
0.0,,,,,,
0.0,,,,,,
0.0,,,,,,
0.0,,,,,,
0.0,,,,,,
0.0,,,,,,
0.0,,,,,,
0.0,,,,,,
0.0,,,,,,
0.0,,,,,,
0.0,,,,,,
0.0,,,,,,
0.0,,,,,,
0.0,,,,,,
0.0,,,,,,
0.0,,,,,,
0.0,,,,,,
0.0,,,,,,
0.0,,,,,,
0.0,,,,,,
0.0,,,,,,
0.0,,,,,,
0.0,,,,,,
0.0,,,,,,
0.0,,,,,,
0.0,,,,,,
0.0,,,,,,
0.0,,,,,,
0.0,,,,,,
0.0,,,,,,
0.0,,,,,,
0.0,,,,,,
0.0,,,,,,
0.0,,,,,,
0.0,,,,,,
0.0,,,,,,
0.0,,,,,,
0.0,,,,,,
0.0,,,,,,
0.0,,,,,,
0.0,,,,,,
0.0,,,,,,
0.0,,,,,,
0.0,,,,,,
0.0,,,,,,
0.0,,,,,,
0.0,,,,,,
0.0,,,,,,
0.0,,,,,,
0.0,,,,,,
0.0,,,,,,
0.0,,,,,,
0.0,,,,,,
0.0,,,,,,
0.0,,,,,,
0.0,,,,,,
0.0,,,,,,
0.0,,,,,,
0.0,,,,,,
0.0,,,,,,
0.0,,,,,,
0.0,,,,,,
0.0,,,,,,
0.0,,,,,,
0.0,,,,,,
0.0,,,,,,
0.0,,,,,,
0.0,,,,,,
0.0,,,,,,
0.0,,,,,,
0.0,,,,,,
0.0,,,,,,
0.0,,,,,,
0.0,,,,,,
0.0,,,,,,
0.0,,,,,,
0.0,,,,,,
0.0,,,,,,
0.0,,,,,,
0.0,,,,,,
0.0,,,,,,
0.0,,,,,,
0.0,,,,,,
0.0,,,,,,
0.0,,,,,,
0.0,,,,,,
0.0,,,,,,
0.0,,,,,,
0.0,,,,,,
0.0,,,,,,
0.0,,,,,,
0.0,,,,,,
0.0,,,,,,
0.0,,,,,,
0.0,,,,,,
0.0,,,,,,
0.0,,,,,,
0.0,,,,,,
0.0,,,,,,
0.0,,,,,,
0.0,,,,,,
0.0,,,,,,
0.0,,,,,,
0.0,,,,,,
0.0,,,,,,
0.0,,,,,,
0.0,,,,,,
0.0,,,,,,
0.0,,,,,,
0.0,,,,,,
0.0,,,,,,
0.0,,,,,,
0.0,,,,,,
0.0,,,,,,
0.0,,,,,,
0.0,,,,,,
0.0,,,,,,
0.0,,,,,,
0.0,,,,,,
0.0,,,,,,
0.0,,,,,,
0.0,,,,,,
0.0,,,,,,
0.0,,,,,,
0.0,,,,,,
0.0,,,,,,
0.0,,,,,,
0.0,,,,,,
0.0,,,,,,
0.0,,,,,,
0.0,,,,,,
0.0,,,,,,
0.0,,,,,,
0.0,,,,,,
0.0,,,,,,
0.0,,,,,,
0.0,,,,,,
0.0,,,,,,
0.0,,,,,,
0.0,,,,,,
0.0,,,,,,
0.0,,,,,,
0.0,,,,,,
0.0,,,,,,
0.0,,,,,,
0.0,,,,,,
0.0,,,,,,
0.0,,,,,,
0.0,,,,,,
0.0,,,,,,
0.0,,,,,,
0.0,,,,,,
0.0,,,,,,
0.0,,,,,,
0.0,,,,,,
0.0,,,,,,
0.0,,,,,,
0.0,,,,,,
0.0,,,,,,
0.0,,,,,,
0.0,,,,,,
0.0,,,,,,
0.0,,,,,,
0.0,,,,,,
0.0,,,,,,
0.0,,,,,,
0.0,,,,,,
0.0,,,,,,
0.0,,,,,,
0.0,,,,,,
0.0,,,,,,
0.0,,,,,,
0.0,,,,,,
0.0,,,,,,
0.0,,,,,,
0.0,,,,,,
0.0,,,,,,
0.0,,,,,,
0.0,,,,,,
0.0,,,,,,
0.0,,,,,,
0.0,,,,,,
0.0,,,,,,
0.0,,,,,,
0.0,,,,,,
0.0,,,,,,
0.0,,,,,,
0.0,,,,,,
0.0,,,,,,
0.0,,,,,,
0.0,,,,,,
0.0,,,,,,
0.0,,,,,,
0.0,,,,,,
0.0,,,,,,
0.0,,,,,,
0.0,,,,,,
0.0,,,,,,
0.0,,,,,,
0.0,,,,,,
0.0,,,,,,
0.0,,,,,,
0.0,,,,,,
0.0,,,,,,
0.0,,,,,,
0.0,,,,,,
0.0,,,,,,
0.0,,,,,,
0.0,,,,,,
0.0,,,,,,
0.0,,,,,,
0.0,,,,,,
0.0,,,,,,
0.0,,,,,,
0.0,,,,,,
0.0,,,,,,
0.0,,,,,,
0.0,,,,,,
0.0,,,,,,
0.0,,,,,,
0.0,,,,,,
0.0,,,,,,
0.0,,,,,,
0.0,,,,,,
0.0,,,,,,
0.0,,,,,,
0.0,,,,,,
0.0,,,,,,
0.0,,,,,,
0.0,,,,,,
0.0,,,,,,
0.0,,,,,,
0.0,,,,,,
0.0,,,,,,
0.0,,,,,,
0.0,,,,,,
0.0,,,,,,
0.0,,,,,,
0.0,,,,,,
0.0,,,,,,
0.0,,,,,,
0.0,,,,,,
0.0,,,,,,
0.0,,,,,,
0.0,,,,,,
0.0,,,,,,
0.0,,,,,,
0.0,,,,,,
0.0,,,,,,
0.0,,,,,,
0.0,,,,,,
0.0,,,,,,
0.0,,,,,,
0.0,,,,,,
0.0,,,,,,
0.0,,,,,,
0.0,,,,,,
0.0,,,,,,
0.0,,,,,,
0.0,,,,,,
0.0,,,,,,
0.0,,,,,,
0.0,,,,,,
0.0,,,,,,
0.0,,,,,,
0.0,,,,,,
0.0,,,,,,
0.0,,,,,,
0.0,,,,,,
0.0,,,,,,
0.0,,,,,,
0.0,,,,,,
0.0,,,,,,
0.0,,,,,,
0.0,,,,,,
0.0,,,,,,
0.0,,,,,,
0.0,,,,,,
0.0,,,,,,
0.0,,,,,,
0.0,,,,,,
0.0,,,,,,
0.0,,,,,,
0.0,,,,,,
0.0,,,,,,
0.0,,,,,,
0.0,,,,,,
0.0,,,,,,
0.0,,,,,,
0.0,,,,,,
0.0,,,,,,
0.0,,,,,,
0.0,,,,,,
0.0,,,,,,
0.0,,,,,,
0.0,,,,,,
0.0,,,,,,
0.0,,,,,,
0.0,,,,,,
0.0,,,,,,
0.0,,,,,,
0.0,,,,,,
0.0,,,,,,
0.0,,,,,,
0.0,,,,,,
0.0,,,,,,
0.0,,,,,,
0.0,,,,,,
0.0,,,,,,
0.0,,,,,,
0.0,,,,,,
0.0,,,,,,
0.0,,,,,,
0.0,,,,,,
0.0,,,,,,
0.0,,,,,,
0.0,,,,,,
0.0,,,,,,
0.0,,,,,,
0.0,,,,,,
0.0,,,,,,
0.0,,,,,,
0.0,,,,,,
0.0,,,,,,
0.0,,,,,,
0.0,,,,,,
0.0,,,,,,
0.0,,,,,,
0.0,,,,,,
0.0,,,,,,
0.0,,,,,,
0.0,,,,,,
0.0,,,,,,
0.0,,,,,,
0.0,,,,,,
0.0,,,,,,
0.0,,,,,,
0.0,,,,,,
0.0,,,,,,
0.0,,,,,,
0.0,,,,,,
0.0,,,,,,
0.0,,,,,,
0.0,,,,,,
0.0,,,,,,
0.0,,,,,,
0.0,,,,,,
0.0,,,,,,
0.0,,,,,,
0.0,,,,,,
0.0,,,,,,
0.0,,,,,,
0.0,,,,,,
0.0,,,,,,
0.0,,,,,,
0.0,,,,,,
0.0,,,,,,
0.0,,,,,,
0.0,,,,,,
0.0,,,,,,
0.0,,,,,,
0.0,,,,,,
0.0,,,,,,
0.0,,,,,,
0.0,,,,,,
2.19,,,,,,
2.438,,,,,,
2.159,,,,,,
2.659,,,,,,
2.507,,,,,,
2.128,,,,,,
2.641,,,,,,
2.444,,,,,,
2.042,,,,,,
2.375,,,,,,
2.417,,,,,,
4.206,,,,,,
3.621,,,,,,
3.145,,,,,,
2.564,,,,,,
3.453,,,,,,
4.633,,,,,,
2.501,,,,,,
2.38,,,,,,
2.625,,,,,,
3.497,,,,,,
2.031,,,,,,
6.783,,,,,,
4.736,,,,,,
5.927,,,,,,
2.251,,,,,,
2.571,,,,,,
2.545,,,,,,
2.407,,,,,,
4.149,,,,,,
2.326,,,,,,
6.071,,,,,,
2.267,,,,,,
2.954,,,,,,
2.156,,,,,,
2.813,,,,,,
2.359,,,,,,
4.6,,,,,,
4.904,,,,,,
2.214,,,,,,
2.581,,,,,,
2.246,,,,,,
2.671,,,,,,
4.683,,,,,,
3.533,,,,,,
2.813,,,,,,
5.176,,,,,,
3.86,,,,,,
5.141,,,,,,
2.578,,,,,,
3.339,,,,,,
0.894,,,,,,
3.47,,,,,,
0.852,,,,,,
2.132,,,,,,
2.118,,,,,,
4.106,,,,,,
0.221,,,,,,
2.424,,,,,,
3.483,,,,,,
2.791,,,,,,
4.192,,,,,,
5.626,,,,,,
3.279,,,,,,
2.85,,,,,,
4.772,,,,,,
2.155,,,,,,
0.218,,,,,,
2.182,,,,,,
2.525,,,,,,
6.004,,,,,,
2.61,,,,,,
5.116,,,,,,
5.365,,,,,,
1.122,,,,,,
4.858,,,,,,
2.269,,,,,,
3.109,,,,,,
3.8,,,,,,
7.228,,,,,,
5.946,,,,,,
2.267,,,,,,
2.292,,,,,,
4.075,,,,,,
2.228,,,,,,
2.953,,,,,,
2.301,,,,,,
4.355,,,,,,
0.366,,,,,,
2.223,,,,,,
2.055,,,,,,
2.102,,,,,,
4.158,,,,,,
2.289,,,,,,
2.244,,,,,,
3.895,,,,,,
2.06,,,,,,
5.163,,,,,,
2.047,,,,,,
2.103,,,,,,
4.928,,,,,,
2.348,,,,,,
2.079,,,,,,
2.197,,,,,,
1.351,,,,,,
3.749,,,,,,
1.997,,,,,,
2.057,,,,,,
6.199,,,,,,
3.344,,,,,,
4.62,,,,,,
5.171,,,,,,
2.829,,,,,,
5.417,,,,,,
3.756,,,,,,
2.123,,,,,,
2.535,,,,,,
0.048,,,,,,
7.454,,,,,,
7.013,,,,,,
4.117,,,,,,
2.017,,,,,,
0.155,,,,,,
3.336,,,,,,
2.543,,,,,,
3.297,,,,,,
3.399,,,,,,
2.172,,,,,,
3.124,,,,,,
0.262,,,,,,
3.121,,,,,,
0.59,,,,,,
4.817,,,,,,
2.69,,,,,,
2.993,,,,,,
4.465,,,,,,
0.015,,,,,,
2.344,,,,,,
4.57,,,,,,
2.118,,,,,,
5.139,,,,,,
3.705,,,,,,
3.113,,,,,,
2.416,,,,,,
6.153,,,,,,
2.94,,,,,,
2.885,,,,,,
2.123,,,,,,
4.831,,,,,,
2.834,,,,,,
2.465,,,,,,
0.625,,,,,,
2.33,,,,,,
3.383,,,,,,
2.106,,,,,,
5.247,,,,,,
2.424,,,,,,
2.228,,,,,,
0.374,,,,,,
6.86,,,,,,
0.031,,,,,,
2.19,,,,,,
5.797,,,,,,
3.072,,,,,,
2.603,,,,,,
3.005,,,,,,
2.383,,,,,,
2.057,,,,,,
6.388,,,,,,
5.783,,,,,,
2.619,,,,,,
2.065,,,,,,
2.498,,,,,,
4.048,,,,,,
2.004,,,,,,
2.219,,,,,,
2.029,,,,,,
2.115,,,,,,
3.395,,,,,,
2.572,,,,,,
2.376,,,,,,
2.137,,,,,,
5.361,,,,,,
3.657,,,,,,
2.895,,,,,,
3.697,,,,,,
2.049,,,,,,
1.995,,,,,,
1.999,,,,,,
2.466,,,,,,
2.132,,,,,,
3.853,,,,,,
0.021,,,,,,
5.09,,,,,,
2.527,,,,,,
2.112,,,,,,
4.147,,,,,,
2.798,,,,,,
3.033,,,,,,
2.935,,,,,,
3.056,,,,,,
2.998,,,,,,
2.281,,,,,,
2.911,,,,,,
4.554,,,,,,
3.849,,,,,,
5.245,,,,,,
3.644,,,,,,
3.059,,,,,,
5.491,,,,,,
5.113,,,,,,
2.57,,,,,,
8.888,,,,,,
2.701,,,,,,
4.303,,,,,,
2.277,,,,,,
3.973,,,,,,
5.746,,,,,,
2.648,,,,,,
3.19,,,,,,
1.701,,,,,,
2.23,,,,,,
2.085,,,,,,
0.111,,,,,,
4.789,,,,,,
0.677,,,,,,
3.063,,,,,,
4.533,,,,,,
4.254,,,,,,
4.189,,,,,,
5.244,,,,,,
2.046,,,,,,
5.703,,,,,,
4.125,,,,,,
0.504,,,,,,
2.401,,,,,,
2.571,,,,,,
4.737,,,,,,
1.982,,,,,,
2.709,,,,,,
0.301,,,,,,
2.511,,,,,,
3.616,,,,,,
2.44,,,,,,
5.164,,,,,,
2.123,,,,,,
0.645,,,,,,
5.575,,,,,,
2.844,,,,,,
5.351,,,,,,
3.625,,,,,,
2.128,,,,,,
5.374,,,,,,
4.807,,,,,,
2.108,,,,,,
0.145,,,,,,
2.879,,,,,,
3.246,,,,,,
2.943,,,,,,
2.729,,,,,,
5.718,,,,,,
2.763,,,,,,
6.036,,,,,,
2.07,,,,,,
2.052,,,,,,
0.158,,,,,,
2.312,,,,,,
4.883,,,,,,
2.751,,,,,,
1.141,,,,,,
3.754,,,,,,
4.048,,,,,,
2.176,,,,,,
2.06,,,,,,
2.116,,,,,,
5.557,,,,,,
2.524,,,,,,
3.471,,,,,,
2.252,,,,,,
4.668,,,,,,
2.39,,,,,,
2.926,,,,,,
5.45,,,,,,
2.337,,,,,,
3.006,,,,,,
6.84,,,,,,
2.272,,,,,,
5.297,,,,,,
4.521,,,,,,
2.35,,,,,,
2.758,,,,,,
0.58,,,,,,
2.071,,,,,,
2.467,,,,,,
5.049,,,,,,
0.753,,,,,,
2.164,,,,,,
1.765,,,,,,
2.078,,,,,,
2.11,,,,,,
4.617,,,,,,
2.485,,,,,,
3.059,,,,,,
2.107,,,,,,
2.409,,,,,,
4.822,,,,,,
5.001,,,,,,
5.098,,,,,,
2.229,,,,,,
5.733,,,,,,
2.066,,,,,,
5.016,,,,,,
3.045,,,,,,
2.511,,,,,,
6.41,,,,,,
3.695,,,,,,
3.976,,,,,,
3.223,,,,,,
2.004,,,,,,
1.22,,,,,,
2.456,,,,,,
3.329,,,,,,
2.278,,,,,,
4.195,,,,,,
3.158,,,,,,
5.058,,,,,,
1.477,,,,,,
2.915,,,,,,
4.204,,,,,,
2.091,,,,,,
2.007,,,,,,
2.247,,,,,,
3.873,,,,,,
2.454,,,,,,
2.038,,,,,,
5.147,,,,,,
1.987,,,,,,
2.61,,,,,,
4.811,,,,,,
3.673,,,,,,
2.413,,,,,,
2.534,,,,,,
2.017,,,,,,
2.862,,,,,,
3.126,,,,,,
0.426,,,,,,
2.297,,,,,,
4.781,,,,,,
2.559,,,,,,
3.627,,,,,,
2.363,,,,,,
2.537,,,,,,
2.801,,,,,,
1.375,,,,,,
4.204,,,,,,
3.152,,,,,,
4.32,,,,,,
2.664,,,,,,
4.501,,,,,,
3.097,,,,,,
4.835,,,,,,
1.822,,,,,,
2.139,,,,,,
2.008,,,,,,
3.591,,,,,,
3.179,,,,,,
4.184,,,,,,
2.415,,,,,,
2.268,,,,,,
2.866,,,,,,
4.416,,,,,,
6.203,,,,,,
2.661,,,,,,
3.297,,,,,,
1.996,,,,,,
3.88,,,,,,
2.049,,,,,,
2.364,,,,,,
5.82,,,,,,
5.745,,,,,,
0.277,,,,,,
2.088,,,,,,
3.09,,,,,,
4.769,,,,,,
5.524,,,,,,
2.022,,,,,,
1.458,,,,,,
2.057,,,,,,
2.11,,,,,,
4.694,,,,,,
2.129,,,,,,
5.728,,,,,,
3.339,,,,,,
2.85,,,,,,
5.541,,,,,,
3.998,,,,,,
5.549,,,,,,
3.636,,,,,,
3.264,,,,,,
4.587,,,,,,
5.12,,,,,,
4.592,,,,,,
2.332,,,,,,
1.985,,,,,,
3.389,,,,,,
2.272,,,,,,
4.157,,,,,,
1.43,,,,,,
4.446,,,,,,
1.167,,,,,,
1.83,,,,,,
2.098,,,,,,
4.035,,,,,,
2.89,,,,,,
0.246,,,,,,
0.011,,,,,,
6.955,,,,,,
1.553,,,,,,
2.218,,,,,,
2.397,,,,,,
2.071,,,,,,
5.046,,,,,,
3.985,,,,,,
2.689,,,,,,
3.161,,,,,,
2.062,,,,,,
0.308,,,,,,
5.578,,,,,,
3.462,,,,,,
0.034,,,,,,
3.11,,,,,,
4.365,,,,,,
4.054,,,,,,
2.968,,,,,,
3.414,,,,,,
4.827,,,,,,
3.346,,,,,,
2.183,,,,,,
2.26,,,,,,
0.461,,,,,,
5.135,,,,,,
2.167,,,,,,
10.046,,,,,,
4.915,,,,,,
1.598,,,,,,
4.943,,,,,,
5.567,,,,,,
2.976,,,,,,
5.677,,,,,,
1.993,,,,,,
3.263,,,,,,
2.924,,,,,,
6.961,,,,,,
2.365,,,,,,
2.458,,,,,,
2.828,,,,,,
5.79,,,,,,
3.237,,,,,,
4.949,,,,,,
3.293,,,,,,
5.242,,,,,,
3.068,,,,,,
0.76,,,,,,
4.772,,,,,,
3.129,,,,,,
2.448,,,,,,
2.022,,,,,,
5.516,,,,,,
2.099,,,,,,
2.608,,,,,,
0.01,,,,,,
2.07,,,,,,
3.623,,,,,,
2.588,,,,,,
2.802,,,,,,
3.256,,,,,,
2.482,,,,,,
4.832,,,,,,
2.289,,,,,,
5.307,,,,,,
2.03,,,,,,
3.852,,,,,,
4.817,,,,,,
7.341,,,,,,
2.392,,,,,,
2.052,,,,,,
2.651,,,,,,
5.929,,,,,,
3.071,,,,,,
3.765,,,,,,
5.741,,,,,,
0.561,,,,,,
0.31,,,,,,
0.087,,,,,,
2.577,,,,,,
1.473,,,,,,
2.03,,,,,,
2.281,,,,,,
5.119,,,,,,
2.802,,,,,,
3.601,,,,,,
6.462,,,,,,
3.412,,,,,,
4.626,,,,,,
2.404,,,,,,
2.617,,,,,,
2.967,,,,,,
2.282,,,,,,
4.207,,,,,,
3.203,,,,,,
3.486,,,,,,
1.985,,,,,,
3.965,,,,,,
5.93,,,,,,
2.016,,,,,,
2.005,,,,,,
0.273,,,,,,
2.547,,,,,,
4.389,,,,,,
3.233,,,,,,
7.067,,,,,,
4.383,,,,,,
2.321,,,,,,
5.769,,,,,,
4.399,,,,,,
2.064,,,,,,
3.123,,,,,,
2.686,,,,,,
4.46,,,,,,
1.301,,,,,,
5.39,,,,,,
2.028,,,,,,
2.07,,,,,,
5.699,,,,,,
1.76,,,,,,
3.276,,,,,,
3.621,,,,,,
2.032,,,,,,
2.82,,,,,,
2.02,,,,,,
2.054,,,,,,
5.276,,,,,,
2.929,,,,,,
2.207,,,,,,
0.192,,,,,,
2.928,,,,,,
3.917,,,,,,
5.138,,,,,,
3.287,,,,,,
3.297,,,,,,
2.138,,,,,,
6.869,,,,,,
4.343,,,,,,
5.019,,,,,,
5.136,,,,,,
2.863,,,,,,
2.042,,,,,,
0.079,,,,,,
0.81,,,,,,
2.728,,,,,,
6.191,,,,,,
0.68,,,,,,
2.455,,,,,,
5.894,,,,,,
3.144,,,,,,
5.862,,,,,,
3.096,,,,,,
2.145,,,,,,
2.722,,,,,,
3.282,,,,,,
0.214,,,,,,
2.32,,,,,,
3.089,,,,,,
2.322,,,,,,
2.085,,,,,,
2.713,,,,,,
2.704,,,,,,
7.051,,,,,,
3.763,,,,,,
2.445,,,,,,
5.611,,,,,,
2.748,,,,,,
3.793,,,,,,
3.006,,,,,,
2.646,,,,,,
2.932,,,,,,
3.001,,,,,,
3.965,,,,,,
2.275,,,,,,
3.062,,,,,,
2.385,,,,,,
2.011,,,,,,
11.117,,,,,,
1.986,,,,,,
2.283,,,,,,
9.259,,,,,,
7.081,,,,,,
2.102,,,,,,
4.641,,,,,,
2.394,,,,,,
2.0,,,,,,
5.273,,,,,,
2.794,,,,,,
3.714,,,,,,
5.53,,,,,,
2.314,,,,,,
5.223,,,,,,
2.218,,,,,,
5.065,,,,,,
4.305,,,,,,
1.208,,,,,,
0.153,,,,,,
2.241,,,,,,
2.722,,,,,,
2.455,,,,,,
2.041,,,,,,
2.466,,,,,,
2.049,,,,,,
2.798,,,,,,
4.455,,,,,,
2.572,,,,,,
4.859,,,,,,
5.206,,,,,,
4.761,,,,,,
2.03,,,,,,
4.847,,,,,,
6.031,,,,,,
5.239,,,,,,
2.353,,,,,,
2.894,,,,,,
3.491,,,,,,
2.609,,,,,,
2.96,,,,,,
3.692,,,,,,
2.477,,,,,,
3.523,,,,,,
2.26,,,,,,
2.038,,,,,,
2.244,,,,,,
3.771,,,,,,
3.573,,,,,,
0.308,,,,,,
2.271,,,,,,
2.783,,,,,,
5.284,,,,,,
0.266,,,,,,
6.664,,,,,,
2.561,,,,,,
2.282,,,,,,
1.139,,,,,,
6.554,,,,,,
2.099,,,,,,
3.137,,,,,,
2.5,,,,,,
3.802,,,,,,
4.428,,,,,,
0.268,,,,,,
2.31,,,,,,
4.423,,,,,,
0.241,,,,,,
2.274,,,,,,
2.497,,,,,,
2.415,,,,,,
2.499,,,,,,
4.947,,,,,,
2.691,,,,,,
8.788,,,,,,
2.127,,,,,,
4.552,,,,,,
2.533,,,,,,
3.369,,,,,,
5.664,,,,,,
2.013,,,,,,
2.926,,,,,,
2.218,,,,,,
2.168,,,,,,
2.347,,,,,,
4.628,,,,,,
2.64,,,,,,
2.127,,,,,,
1.219,,,,,,
2.026,,,,,,
4.727,,,,,,
5.737,,,,,,
4.992,,,,,,
2.138,,,,,,
4.793,,,,,,
3.657,,,,,,
2.131,,,,,,
2.192,,,,,,
2.428,,,,,,
3.863,,,,,,
2.824,,,,,,
2.589,,,,,,
3.475,,,,,,
2.853,,,,,,
3.323,,,,,,
5.061,,,,,,
2.654,,,,,,
5.131,,,,,,
2.471,,,,,,
2.866,,,,,,
2.164,,,,,,
2.386,,,,,,
3.315,,,,,,
2.562,,,,,,
5.857,,,,,,
4.512,,,,,,
4.921,,,,,,
3.013,,,,,,
3.701,,,,,,
5.456,,,,,,
2.55,,,,,,
3.397,,,,,,
2.618,,,,,,
3.875,,,,,,
2.548,,,,,,
2.659,,,,,,
2.27,,,,,,
2.062,,,,,,
4.654,,,,,,
4.331,,,,,,
2.458,,,,,,
4.253,,,,,,
1.294,,,,,,
2.903,,,,,,
4.996,,,,,,
5.208,,,,,,
3.392,,,,,,
4.838,,,,,,
5.275,,,,,,
0.27,,,,,,
5.304,,,,,,
5.461,,,,,,
3.652,,,,,,
4.795,,,,,,
4.328,,,,,,
3.055,,,,,,
4.552,,,,,,
2.726,,,,,,
5.511,,,,,,
5.523,,,,,,
2.572,,,,,,
4.401,,,,,,
6.996,,,,,,
2.086,,,,,,
5.314,,,,,,
0.38,,,,,,
7.55,,,,,,
2.785,,,,,,
0.484,,,,,,
1.09,,,,,,
2.102,,,,,,
1.208,,,,,,
2.411,,,,,,
2.901,,,,,,
2.846,,,,,,
5.047,,,,,,
2.885,,,,,,
2.391,,,,,,
2.639,,,,,,
2.181,,,,,,
0.343,,,,,,
3.264,,,,,,
2.011,,,,,,
3.353,,,,,,
2.474,,,,,,
2.215,,,,,,
1.225,,,,,,
2.071,,,,,,
4.329,,,,,,
3.781,,,,,,
6.81,,,,,,
1.11,,,,,,
2.572,,,,,,
3.453,,,,,,
3.702,,,,,,
5.213,,,,,,
8.238,,,,,,
2.259,,,,,,
3.138,,,,,,
2.327,,,,,,
2.592,,,,,,
2.289,,,,,,
2.491,,,,,,
5.208,,,,,,
2.354,,,,,,
3.748,,,,,,
5.901,,,,,,
2.357,,,,,,
2.165,,,,,,
2.417,,,,,,
0.728,,,,,,
2.03,,,,,,
5.851,,,,,,
3.713,,,,,,
2.367,,,,,,
2.479,,,,,,
5.2,,,,,,
2.862,,,,,,
5.863,,,,,,
2.318,,,,,,
2.503,,,,,,
2.186,,,,,,
5.852,,,,,,
4.294,,,,,,
4.003,,,,,,
1.993,,,,,,
2.424,,,,,,
2.218,,,,,,
1.522,,,,,,
3.264,,,,,,
0.048,,,,,,
1.358,,,,,,
3.077,,,,,,
4.387,,,,,,
4.683,,,,,,
4.796,,,,,,
2.754,,,,,,
2.865,,,,,,
3.354,,,,,,
4.439,,,,,,
3.089,,,,,,
3.233,,,,,,
1.993,,,,,,
5.712,,,,,,
2.622,,,,,,
2.736,,,,,,
2.815,,,,,,
2.079,,,,,,
2.572,,,,,,
5.151,,,,,,
2.794,,,,,,
4.465,,,,,,
2.656,,,,,,
2.191,,,,,,
0.504,,,,,,
2.155,,,,,,
5.818,,,,,,
0.728,,,,,,
2.128,,,,,,
3.773,,,,,,
3.043,,,,,,
2.298,,,,,,
3.671,,,,,,
2.831,,,,,,
2.142,,,,,,
5.97,,,,,,
3.62,,,,,,
0.236,,,,,,
2.341,,,,,,
3.039,,,,,,
4.682,,,,,,
0.456,,,,,,
3.353,,,,,,
2.046,,,,,,
2.839,,,,,,
6.818,,,,,,
2.334,,,,,,
9.988,,,,,,
3.525,,,,,,
2.936,,,,,,
2.941,,,,,,
2.076,,,,,,
2.7,,,,,,
2.935,,,,,,
3.422,,,,,,
3.948,,,,,,
1.985,,,,,,
5.709,,,,,,
5.645,,,,,,
3.097,,,,,,
2.754,,,,,,
5.59,,,,,,
3.372,,,,,,
0.083,,,,,,
6.9,,,,,,
2.589,,,,,,
4.622,,,,,,
3.123,,,,,,
6.725,,,,,,
3.249,,,,,,
0.329,,,,,,
2.782,,,,,,
3.488,,,,,,
0.879,,,,,,
1.245,,,,,,
3.763,,,,,,
2.654,,,,,,
2.4,,,,,,
3.418,,,,,,
2.322,,,,,,
2.283,,,,,,
3.766,,,,,,
3.171,,,,,,
2.086,,,,,,
2.662,,,,,,
2.205,,,,,,
5.078,,,,,,
2.802,,,,,,
4.394,,,,,,
3.178,,,,,,
0.391,,,,,,
2.256,,,,,,
5.833,,,,,,
0.585,,,,,,
4.729,,,,,,
5.707,,,,,,
6.69,,,,,,
2.455,,,,,,
2.228,,,,,,
2.473,,,,,,
3.097,,,,,,
6.782,,,,,,
2.771,,,,,,
2.883,,,,,,
3.34,,,,,,
5.522,,,,,,
2.391,,,,,,
5.584,,,,,,
3.01,,,,,,
5.291,,,,,,
0.089,,,,,,
2.609,,,,,,
3.167,,,,,,
2.087,,,,,,
0.416,,,,,,
3.047,,,,,,
6.099,,,,,,
3.079,,,,,,
2.261,,,,,,
0.17,,,,,,
2.747,,,,,,
2.95,,,,,,
3.686,,,,,,
1.996,,,,,,
3.025,,,,,,
4.11,,,,,,
0.986,,,,,,
4.798,,,,,,
3.513,,,,,,
2.078,,,,,,
4.642,,,,,,
4.233,,,,,,
2.331,,,,,,
2.982,,,,,,
2.362,,,,,,
5.902,,,,,,
7.357,,,,,,
2.239,,,,,,
2.865,,,,,,
2.767,,,,,,
5.532,,,,,,
2.347,,,,,,
3.987,,,,,,
5.064,,,,,,
9.79,,,,,,
3.158,,,,,,
4.597,,,,,,
2.021,,,,,,
0.179,,,,,,
2.685,,,,,,
1.036,,,,,,
2.533,,,,,,
4.298,,,,,,
4.104,,,,,,
4.943,,,,,,
3.058,,,,,,
1.069,,,,,,
2.549,,,,,,
5.795,,,,,,
3.229,,,,,,
4.967,,,,,,
0.577,,,,,,
4.181,,,,,,
3.798,,,,,,
4.419,,,,,,
2.281,,,,,,
2.263,,,,,,
2.371,,,,,,
2.207,,,,,,
2.256,,,,,,
2.382,,,,,,
2.907,,,,,,
2.106,,,,,,
3.254,,,,,,
3.187,,,,,,
3.087,,,,,,
2.442,,,,,,
3.359,,,,,,
0.644,,,,,,
3.463,,,,,,
4.273,,,,,,
4.978,,,,,,
5.234,,,,,,
2.878,,,,,,
4.312,,,,,,
2.965,,,,,,
5.54,,,,,,
2.31,,,,,,
2.001,,,,,,
2.255,,,,,,
2.025,,,,,,
3.647,,,,,,
0.535,,,,,,
5.17,,,,,,
3.021,,,,,,
4.582,,,,,,
0.25,,,,,,
2.02,,,,,,
9.828,,,,,,
3.01,,,,,,
2.947,,,,,,
5.503,,,,,,
4.039,,,,,,
2.406,,,,,,
3.14,,,,,,
3.742,,,,,,
6.423,,,,,,
0.049,,,,,,
2.966,,,,,,
3.322,,,,,,
4.473,,,,,,
2.432,,,,,,
2.661,,,,,,
0.202,,,,,,
3.507,,,,,,
2.632,,,,,,
0.262,,,,,,
2.444,,,,,,
3.2,,,,,,
6.177,,,,,,
2.515,,,,,,
2.699,,,,,,
5.899,,,,,,
4.864,,,,,,
5.474,,,,,,
1.201,,,,,,
2.456,,,,,,
0.557,,,,,,
2.016,,,,,,
2.135,,,,,,
3.443,,,,,,
2.243,,,,,,
3.101,,,,,,
5.597,,,,,,
2.383,,,,,,
4.962,,,,,,
2.635,,,,,,
4.899,,,,,,
2.421,,,,,,
4.714,,,,,,
5.305,,,,,,
2.433,,,,,,
3.416,,,,,,
5.272,,,,,,
7.996,,,,,,
0.218,,,,,,
9.129,,,,,,
3.113,,,,,,
6.204,,,,,,
3.854,,,,,,
0.656,,,,,,
1.997,,,,,,
3.48,,,,,,
3.559,,,,,,
2.248,,,,,,
6.423,,,,,,
4.742,,,,,,
3.95,,,,,,
2.396,,,,,,
2.139,,,,,,
0.817,,,,,,
4.761,,,,,,
1.622,,,,,,
5.251,,,,,,
3.538,,,,,,
4.182,,,,,,
6.191,,,,,,
2.614,,,,,,
2.683,,,,,,
2.16,,,,,,
2.582,,,,,,
2.449,,,,,,
3.467,,,,,,
0.123,,,,,,
4.984,,,,,,
5.831,,,,,,
1.371,,,,,,
4.834,,,,,,
5.44,,,,,,
4.921,,,,,,
2.496,,,,,,
2.652,,,,,,
2.624,,,,,,
3.253,,,,,,
2.956,,,,,,
1.789,,,,,,
0.415,,,,,,
1.029,,,,,,
0.611,,,,,,
2.326,,,,,,
5.387,,,,,,
4.482,,,,,,
4.319,,,,,,
1.173,,,,,,
3.066,,,,,,
2.509,,,,,,
5.023,,,,,,
4.254,,,,,,
0.977,,,,,,
2.559,,,,,,
6.268,,,,,,
2.239,,,,,,
7.269,,,,,,
1.07,,,,,,
1.999,,,,,,
3.319,,,,,,
0.897,,,,,,
5.024,,,,,,
6.393,,,,,,
3.236,,,,,,
2.448,,,,,,
2.325,,,,,,
2.3,,,,,,
3.054,,,,,,
5.303,,,,,,
4.225,,,,,,
4.45,,,,,,
3.779,,,,,,
3.604,,,,,,
3.412,,,,,,
0.08,,,,,,
2.457,,,,,,
2.424,,,,,,
0.56,,,,,,
3.401,,,,,,
3.258,,,,,,
4.501,,,,,,
2.042,,,,,,
6.707,,,,,,
0.914,,,,,,
2.662,,,,,,
2.361,,,,,,
5.308,,,,,,
5.084,,,,,,
3.048,,,,,,
2.422,,,,,,
2.205,,,,,,
3.408,,,,,,
5.815,,,,,,
2.598,,,,,,
2.452,,,,,,
4.913,,,,,,
2.12,,,,,,
0.297,,,,,,
5.092,,,,,,
3.495,,,,,,
3.381,,,,,,
2.129,,,,,,
6.049,,,,,,
5.429,,,,,,
3.598,,,,,,
2.689,,,,,,
5.708,,,,,,
3.229,,,,,,
6.397,,,,,,
3.319,,,,,,
7.197,,,,,,
3.571,,,,,,
4.176,,,,,,
5.881,,,,,,
2.073,,,,,,
6.814,,,,,,
2.438,,,,,,
3.758,,,,,,
2.123,,,,,,
4.858,,,,,,
3.052,,,,,,
2.671,,,,,,
4.801,,,,,,
0.798,,,,,,
3.004,,,,,,
2.258,,,,,,
2.053,,,,,,
5.527,,,,,,
2.584,,,,,,
2.364,,,,,,
2.429,,,,,,
2.882,,,,,,
2.38,,,,,,
4.032,,,,,,
5.656,,,,,,
3.615,,,,,,
4.385,,,,,,
3.656,,,,,,
2.22,,,,,,
3.615,,,,,,
2.339,,,,,,
3.675,,,,,,
0.931,,,,,,
2.635,,,,,,
2.733,,,,,,
2.296,,,,,,
2.202,,,,,,
2.501,,,,,,
6.532,,,,,,
4.787,,,,,,
4.926,,,,,,
2.804,,,,,,
7.58,,,,,,
6.176,,,,,,
0.222,,,,,,
1.713,,,,,,
2.499,,,,,,
3.25,,,,,,
5.0,,,,,,
2.189,,,,,,
2.01,,,,,,
6.076,,,,,,
3.992,,,,,,
0.37,,,,,,
2.859,,,,,,
0.258,,,,,,
3.576,,,,,,
5.82,,,,,,
2.14,,,,,,
2.482,,,,,,
2.94,,,,,,
2.201,,,,,,
1.067,,,,,,
4.825,,,,,,
2.338,,,,,,
3.446,,,,,,
2.022,,,,,,
5.182,,,,,,
6.004,,,,,,
2.225,,,,,,
1.987,,,,,,
4.415,,,,,,
5.194,,,,,,
6.824,,,,,,
3.348,,,,,,
0.29,,,,,,
2.131,,,,,,
2.913,,,,,,
0.647,,,,,,
5.546,,,,,,
2.547,,,,,,
2.449,,,,,,
2.427,,,,,,
3.65,,,,,,
2.622,,,,,,
2.067,,,,,,
5.082,,,,,,
2.592,,,,,,
3.595,,,,,,
2.874,,,,,,
2.659,,,,,,
3.136,,,,,,
8.37,,,,,,
3.575,,,,,,
7.208,,,,,,
4.568,,,,,,
4.774,,,,,,
4.413,,,,,,
4.794,,,,,,
2.142,,,,,,
3.799,,,,,,
5.648,,,,,,
1.377,,,,,,
3.706,,,,,,
5.461,,,,,,
2.568,,,,,,
2.282,,,,,,
2.317,,,,,,
1.609,,,,,,
3.416,,,,,,
8.144,,,,,,
2.086,,,,,,
3.298,,,,,,
2.397,,,,,,
3.06,,,,,,
2.094,,,,,,
2.098,,,,,,
2.261,,,,,,
2.552,,,,,,
5.372,,,,,,
0.391,,,,,,
2.227,,,,,,
2.102,,,,,,
4.569,,,,,,
2.915,,,,,,
4.556,,,,,,
2.331,,,,,,
2.205,,,,,,
2.827,,,,,,
2.545,,,,,,
2.184,,,,,,
3.66,,,,,,
0.602,,,,,,
3.299,,,,,,
2.31,,,,,,
4.3,,,,,,
2.625,,,,,,
5.78,,,,,,
2.642,,,,,,
2.434,,,,,,
5.154,,,,,,
2.371,,,,,,
2.761,,,,,,
2.336,,,,,,
3.089,,,,,,
4.867,,,,,,
3.06,,,,,,
4.002,,,,,,
2.054,,,,,,
2.209,,,,,,
2.411,,,,,,
2.834,,,,,,
2.031,,,,,,
3.342,,,,,,
2.04,,,,,,
2.121,,,,,,
3.08,,,,,,
3.474,,,,,,
3.643,,,,,,
2.39,,,,,,
3.062,,,,,,
4.464,,,,,,
2.06,,,,,,
2.353,,,,,,
3.673,,,,,,
2.232,,,,,,
4.881,,,,,,
2.901,,,,,,
2.72,,,,,,
2.672,,,,,,
9.338,,,,,,
2.956,,,,,,
5.831,,,,,,
6.943,,,,,,
6.748,,,,,,
5.48,,,,,,
3.377,,,,,,
1.261,,,,,,
1.997,,,,,,
2.494,,,,,,
2.565,,,,,,
1.177,,,,,,
5.773,,,,,,
5.1,,,,,,
2.372,,,,,,
5.023,,,,,,
5.374,,,,,,
8.189,,,,,,
2.037,,,,,,
2.404,,,,,,
0.395,,,,,,
7.826,,,,,,
6.172,,,,,,
4.906,,,,,,
1.257,,,,,,
0.098,,,,,,
3.387,,,,,,
6.027,,,,,,
3.932,,,,,,
4.972,,,,,,
6.15,,,,,,
0.685,,,,,,
6.122,,,,,,
2.196,,,,,,
2.487,,,,,,
5.051,,,,,,
2.489,,,,,,
0.088,,,,,,
2.428,,,,,,
2.728,,,,,,
1.078,,,,,,
4.337,,,,,,
2.19,,,,,,
5.378,,,,,,
0.206,,,,,,
3.64,,,,,,
4.036,,,,,,
2.748,,,,,,
11.128,,,,,,
3.457,,,,,,
3.361,,,,,,
2.466,,,,,,
2.434,,,,,,
2.122,,,,,,
6.771,,,,,,
4.78,,,,,,
2.252,,,,,,
2.362,,,,,,
2.87,,,,,,
2.205,,,,,,
2.708,,,,,,
2.817,,,,,,
2.024,,,,,,
3.007,,,,,,
4.265,,,,,,
0.62,,,,,,
5.223,,,,,,
2.022,,,,,,
4.5,,,,,,
2.754,,,,,,
2.325,,,,,,
3.65,,,,,,
5.655,,,,,,
2.923,,,,,,
2.499,,,,,,
4.574,,,,,,
2.32,,,,,,
5.011,,,,,,
2.052,,,,,,
3.656,,,,,,
0.565,,,,,,
4.959,,,,,,
4.879,,,,,,
5.113,,,,,,
2.087,,,,,,
2.158,,,,,,
2.844,,,,,,
2.098,,,,,,
4.204,,,,,,
2.114,,,,,,
3.82,,,,,,
3.122,,,,,,
2.798,,,,,,
2.623,,,,,,
5.361,,,,,,
3.999,,,,,,
6.862,,,,,,
2.805,,,,,,
4.113,,,,,,
3.112,,,,,,
3.096,,,,,,
2.17,,,,,,
2.502,,,,,,
2.033,,,,,,
4.071,,,,,,
2.918,,,,,,
0.084,,,,,,
2.282,,,,,,
2.003,,,,,,
2.259,,,,,,
2.046,,,,,,
0.772,,,,,,
5.2,,,,,,
2.514,,,,,,
8.794,,,,,,
4.571,,,,,,
4.15,,,,,,
0.111,,,,,,
3.209,,,,,,
3.625,,,,,,
2.318,,,,,,
2.89,,,,,,
3.469,,,,,,
2.567,,,,,,
2.296,,,,,,
2.082,,,,,,
2.241,,,,,,
2.767,,,,,,
3.27,,,,,,
2.287,,,,,,
5.792,,,,,,
3.051,,,,,,
3.043,,,,,,
2.514,,,,,,
3.804,,,,,,
7.112,,,,,,
0.272,,,,,,
2.225,,,,,,
0.295,,,,,,
2.054,,,,,,
4.061,,,,,,
4.78,,,,,,
2.737,,,,,,
5.779,,,,,,
2.631,,,,,,
3.541,,,,,,
6.849,,,,,,
4.107,,,,,,
2.721,,,,,,
4.218,,,,,,
7.219,,,,,,
5.075,,,,,,
3.799,,,,,,
6.025,,,,,,
3.583,,,,,,
8.056,,,,,,
4.179,,,,,,
2.024,,,,,,
3.121,,,,,,
3.563,,,,,,
1.999,,,,,,
2.199,,,,,,
2.396,,,,,,
2.037,,,,,,
2.187,,,,,,
5.407,,,,,,
2.211,,,,,,
2.272,,,,,,
0.054,,,,,,
2.387,,,,,,
3.492,,,,,,
2.037,,,,,,
0.444,,,,,,
2.387,,,,,,
2.263,,,,,,
3.009,,,,,,
4.435,,,,,,
2.016,,,,,,
5.159,,,,,,
3.187,,,,,,
2.725,,,,,,
3.809,,,,,,
2.324,,,,,,
4.748,,,,,,
6.655,,,,,,
0.08,,,,,,
2.081,,,,,,
5.334,,,,,,
2.614,,,,,,
6.21,,,,,,
3.171,,,,,,
3.217,,,,,,
3.445,,,,,,
7.38,,,,,,
5.291,,,,,,
2.24,,,,,,
2.38,,,,,,
2.84,,,,,,
0.611,,,,,,
2.009,,,,,,
5.538,,,,,,
2.351,,,,,,
2.625,,,,,,
2.959,,,,,,
0.95,,,,,,
2.518,,,,,,
5.26,,,,,,
3.159,,,,,,
2.428,,,,,,
2.062,,,,,,
2.905,,,,,,
4.252,,,,,,
4.91,,,,,,
2.799,,,,,,
2.112,,,,,,
5.538,,,,,,
2.028,,,,,,
5.532,,,,,,
2.256,,,,,,
2.387,,,,,,
5.672,,,,,,
3.359,,,,,,
3.071,,,,,,
2.54,,,,,,
0.794,,,,,,
2.028,,,,,,
6.043,,,,,,
2.333,,,,,,
1.526,,,,,,
4.688,,,,,,
5.169,,,,,,
2.469,,,,,,
4.062,,,,,,
2.057,,,,,,
2.189,,,,,,
2.674,,,,,,
2.49,,,,,,
4.938,,,,,,
4.563,,,,,,
4.387,,,,,,
2.052,,,,,,
2.242,,,,,,
2.329,,,,,,
2.168,,,,,,
2.572,,,,,,
2.364,,,,,,
2.766,,,,,,
4.582,,,,,,
7.007,,,,,,
2.347,,,,,,
2.76,,,,,,
2.791,,,,,,
2.828,,,,,,
3.333,,,,,,
2.045,,,,,,
4.015,,,,,,
2.479,,,,,,
2.18,,,,,,
5.697,,,,,,
2.199,,,,,,
1.363,,,,,,
0.264,,,,,,
2.137,,,,,,
4.803,,,,,,
2.31,,,,,,
3.188,,,,,,
3.103,,,,,,
2.967,,,,,,
2.379,,,,,,
5.522,,,,,,
2.255,,,,,,
3.186,,,,,,
2.98,,,,,,
4.943,,,,,,
2.922,,,,,,
2.919,,,,,,
0.269,,,,,,
4.231,,,,,,
3.68,,,,,,
2.259,,,,,,
3.861,,,,,,
0.516,,,,,,
3.037,,,,,,
4.541,,,,,,
4.556,,,,,,
2.814,,,,,,
6.055,,,,,,
2.482,,,,,,
2.49,,,,,,
2.173,,,,,,
4.128,,,,,,
3.889,,,,,,
2.08,,,,,,
5.049,,,,,,
3.656,,,,,,
3.632,,,,,,
0.062,,,,,,
2.602,,,,,,
5.543,,,,,,
2.274,,,,,,
5.263,,,,,,
0.24,,,,,,
2.199,,,,,,
4.255,,,,,,
1.982,,,,,,
4.634,,,,,,
5.126,,,,,,
3.711,,,,,,
2.313,,,,,,
3.435,,,,,,
4.716,,,,,,
2.646,,,,,,
5.345,,,,,,
5.136,,,,,,
0.008,,,,,,
2.986,,,,,,
2.725,,,,,,
2.721,,,,,,
2.209,,,,,,
2.199,,,,,,
2.765,,,,,,
2.372,,,,,,
0.929,,,,,,
2.686,,,,,,
6.455,,,,,,
2.715,,,,,,
2.639,,,,,,
5.127,,,,,,
3.354,,,,,,
6.445,,,,,,
3.638,,,,,,
0.617,,,,,,
2.745,,,,,,
5.223,,,,,,
3.441,,,,,,
6.847,,,,,,
2.832,,,,,,
2.594,,,,,,
2.133,,,,,,
2.691,,,,,,
7.02,,,,,,
2.477,,,,,,
3.595,,,,,,
5.526,,,,,,
2.379,,,,,,
2.344,,,,,,
5.487,,,,,,
3.12,,,,,,
4.794,,,,,,
3.039,,,,,,
2.585,,,,,,
2.796,,,,,,
3.052,,,,,,
3.875,,,,,,
2.84,,,,,,
3.723,,,,,,
2.359,,,,,,
2.088,,,,,,
2.016,,,,,,
2.705,,,,,,
2.217,,,,,,
3.31,,,,,,
5.205,,,,,,
2.655,,,,,,
2.86,,,,,,
5.0,,,,,,
0.381,,,,,,
2.981,,,,,,
2.427,,,,,,
2.351,,,,,,
5.097,,,,,,
3.111,,,,,,
2.155,,,,,,
0.503,,,,,,
2.566,,,,,,
1.988,,,,,,
2.747,,,,,,
2.145,,,,,,
2.475,,,,,,
3.678,,,,,,
2.448,,,,,,
2.376,,,,,,
2.592,,,,,,
2.001,,,,,,
2.944,,,,,,
5.276,,,,,,
4.348,,,,,,
5.597,,,,,,
2.78,,,,,,
4.619,,,,,,
2.163,,,,,,
4.603,,,,,,
0.089,,,,,,
2.845,,,,,,
7.264,,,,,,
1.784,,,,,,
2.643,,,,,,
3.269,,,,,,
8.505,,,,,,
2.817,,,,,,
1.892,,,,,,
2.017,,,,,,
7.006,,,,,,
4.914,,,,,,
2.171,,,,,,
7.712,,,,,,
2.151,,,,,,
1.734,,,,,,
2.234,,,,,,
2.078,,,,,,
2.473,,,,,,
2.74,,,,,,
2.944,,,,,,
3.344,,,,,,
6.206,,,,,,
3.398,,,,,,
3.908,,,,,,
3.32,,,,,,
2.317,,,,,,
2.865,,,,,,
2.143,,,,,,
5.004,,,,,,
3.041,,,,,,
2.195,,,,,,
2.094,,,,,,
2.08,,,,,,
2.617,,,,,,
5.573,,,,,,
3.079,,,,,,
4.992,,,,,,
2.164,,,,,,
6.075,,,,,,
1.996,,,,,,
4.522,,,,,,
2.12,,,,,,
5.971,,,,,,
5.2,,,,,,
0.125,,,,,,
2.001,,,,,,
6.238,,,,,,
2.297,,,,,,
2.44,,,,,,
2.324,,,,,,
2.539,,,,,,
3.459,,,,,,
4.089,,,,,,
3.112,,,,,,
3.075,,,,,,
4.173,,,,,,
0.487,,,,,,
2.139,,,,,,
4.397,,,,,,
2.533,,,,,,
7.159,,,,,,
2.401,,,,,,
8.172,,,,,,
3.06,,,,,,
2.614,,,,,,
1.652,,,,,,
4.939,,,,,,
2.409,,,,,,
2.564,,,,,,
3.227,,,,,,
0.442,,,,,,
2.64,,,,,,
1.768,,,,,,
1.158,,,,,,
2.782,,,,,,
5.339,,,,,,
6.903,,,,,,
7.553,,,,,,
2.844,,,,,,
2.059,,,,,,
2.261,,,,,,
4.245,,,,,,
0.089,,,,,,
2.691,,,,,,
5.427,,,,,,
2.069,,,,,,
2.327,,,,,,
2.749,,,,,,
3.497,,,,,,
6.039,,,,,,
5.899,,,,,,
3.105,,,,,,
2.416,,,,,,
2.439,,,,,,
2.024,,,,,,
2.287,,,,,,
2.951,,,,,,
8.715,,,,,,
5.84,,,,,,
3.214,,,,,,
3.063,,,,,,
4.619,,,,,,
4.358,,,,,,
1.226,,,,,,
2.971,,,,,,
3.798,,,,,,
3.084,,,,,,
3.455,,,,,,
2.366,,,,,,
2.194,,,,,,
2.88,,,,,,
2.463,,,,,,
4.942,,,,,,
6.352,,,,,,
2.684,,,,,,
2.794,,,,,,
3.13,,,,,,
3.392,,,,,,
2.184,,,,,,
2.107,,,,,,
8.119,,,,,,
3.105,,,,,,
3.695,,,,,,
2.251,,,,,,
4.781,,,,,,
3.462,,,,,,
2.783,,,,,,
0.127,,,,,,
5.202,,,,,,
2.176,,,,,,
0.777,,,,,,
3.144,,,,,,
0.944,,,,,,
2.461,,,,,,
0.028,,,,,,
3.497,,,,,,
2.433,,,,,,
2.609,,,,,,
2.036,,,,,,
2.139,,,,,,
2.663,,,,,,
3.097,,,,,,
2.05,,,,,,
6.512,,,,,,
5.258,,,,,,
4.111,,,,,,
5.123,,,,,,
2.966,,,,,,
4.463,,,,,,
2.634,,,,,,
3.585,,,,,,
2.248,,,,,,
0.959,,,,,,
4.428,,,,,,
2.176,,,,,,
0.057,,,,,,
5.691,,,,,,
6.673,,,,,,
2.408,,,,,,
3.105,,,,,,
0.007,,,,,,
2.601,,,,,,
4.133,,,,,,
2.504,,,,,,
4.583,,,,,,
2.898,,,,,,
2.974,,,,,,
5.05,,,,,,
5.511,,,,,,
2.792,,,,,,
6.39,,,,,,
2.659,,,,,,
3.11,,,,,,
5.155,,,,,,
3.038,,,,,,
3.198,,,,,,
6.019,,,,,,
2.211,,,,,,
2.503,,,,,,
2.585,,,,,,
5.705,,,,,,
0.751,,,,,,
2.218,,,,,,
3.066,,,,,,
2.27,,,,,,
2.339,,,,,,
3.789,,,,,,
2.39,,,,,,
1.812,,,,,,
3.9,,,,,,
4.426,,,,,,
2.45,,,,,,
2.155,,,,,,
2.271,,,,,,
2.342,,,,,,
2.289,,,,,,
1.703,,,,,,
1.987,,,,,,
3.291,,,,,,
3.184,,,,,,
5.392,,,,,,
3.099,,,,,,
4.011,,,,,,
2.034,,,,,,
5.659,,,,,,
1.423,,,,,,
4.824,,,,,,
2.857,,,,,,
1.851,,,,,,
2.061,,,,,,
7.709,,,,,,
0.358,,,,,,
3.767,,,,,,
3.169,,,,,,
3.365,,,,,,
3.647,,,,,,
2.53,,,,,,
2.116,,,,,,
2.699,,,,,,
2.37,,,,,,
3.705,,,,,,
3.797,,,,,,
4.566,,,,,,
3.167,,,,,,
4.77,,,,,,
6.968,,,,,,
5.186,,,,,,
2.968,,,,,,
5.255,,,,,,
2.379,,,,,,
2.038,,,,,,
0.398,,,,,,
3.326,,,,,,
4.75,,,,,,
3.187,,,,,,
3.718,,,,,,
3.74,,,,,,
3.169,,,,,,
2.187,,,,,,
2.514,,,,,,
2.471,,,,,,
4.589,,,,,,
2.247,,,,,,
2.593,,,,,,
2.096,,,,,,
5.551,,,,,,
3.009,,,,,,
2.759,,,,,,
4.798,,,,,,
2.967,,,,,,
2.551,,,,,,
4.323,,,,,,
4.518,,,,,,
3.188,,,,,,
3.079,,,,,,
4.847,,,,,,
1.084,,,,,,
2.44,,,,,,
2.614,,,,,,
1.997,,,,,,
2.95,,,,,,
5.023,,,,,,
0.055,,,,,,
5.728,,,,,,
2.03,,,,,,
4.817,,,,,,
6.917,,,,,,
0.37,,,,,,
6.025,,,,,,
1.424,,,,,,
4.426,,,,,,
4.224,,,,,,
2.031,,,,,,
4.177,,,,,,
2.059,,,,,,
1.333,,,,,,
2.572,,,,,,
5.832,,,,,,
3.018,,,,,,
2.474,,,,,,
3.275,,,,,,
0.114,,,,,,
2.474,,,,,,
6.621,,,,,,
2.627,,,,,,
3.214,,,,,,
2.131,,,,,,
5.296,,,,,,
3.254,,,,,,
3.31,,,,,,
2.138,,,,,,
2.984,,,,,,
6.997,,,,,,
2.928,,,,,,
2.247,,,,,,
7.347,,,,,,
2.726,,,,,,
0.597,,,,,,
4.397,,,,,,
2.004,,,,,,
4.555,,,,,,
2.263,,,,,,
2.038,,,,,,
3.334,,,,,,
5.873,,,,,,
2.358,,,,,,
2.93,,,,,,
2.839,,,,,,
1.523,,,,,,
5.401,,,,,,
2.059,,,,,,
4.87,,,,,,
2.345,,,,,,
5.584,,,,,,
6.339,,,,,,
4.621,,,,,,
4.27,,,,,,
3.014,,,,,,
2.139,,,,,,
2.268,,,,,,
4.909,,,,,,
2.87,,,,,,
2.852,,,,,,
3.346,,,,,,
5.947,,,,,,
1.847,,,,,,
2.434,,,,,,
4.757,,,,,,
3.031,,,,,,
0.006,,,,,,
2.676,,,,,,
2.804,,,,,,
0.12,,,,,,
0.066,,,,,,
4.258,,,,,,
2.12,,,,,,
3.332,,,,,,
2.392,,,,,,
0.656,,,,,,
3.074,,,,,,
5.769,,,,,,
2.298,,,,,,
6.379,,,,,,
2.921,,,,,,
3.212,,,,,,
2.564,,,,,,
2.434,,,,,,
2.949,,,,,,
2.778,,,,,,
4.394,,,,,,
2.136,,,,,,
2.592,,,,,,
0.505,,,,,,
2.07,,,,,,
2.046,,,,,,
3.287,,,,,,
2.0,,,,,,
4.234,,,,,,
2.655,,,,,,
7.513,,,,,,
2.012,,,,,,
6.026,,,,,,
2.127,,,,,,
2.865,,,,,,
3.183,,,,,,
2.811,,,,,,
2.442,,,,,,
4.722,,,,,,
1.71,,,,,,
1.401,,,,,,
1.998,,,,,,
4.51,,,,,,
2.182,,,,,,
3.855,,,,,,
4.229,,,,,,
3.003,,,,,,
7.96,,,,,,
0.248,,,,,,
4.186,,,,,,
5.143,,,,,,
2.213,,,,,,
2.402,,,,,,
2.228,,,,,,
2.428,,,,,,
2.866,,,,,,
1.25,,,,,,
3.468,,,,,,
1.542,,,,,,
3.023,,,,,,
6.382,,,,,,
4.343,,,,,,
3.228,,,,,,
2.242,,,,,,
6.762,,,,,,
2.185,,,,,,
2.254,,,,,,
5.755,,,,,,
3.721,,,,,,
2.651,,,,,,
2.959,,,,,,
5.996,,,,,,
3.548,,,,,,
5.205,,,,,,
3.456,,,,,,
2.507,,,,,,
2.848,,,,,,
5.761,,,,,,
2.281,,,,,,
2.55,,,,,,
1.186,,,,,,
5.286,,,,,,
0.897,,,,,,
2.176,,,,,,
5.27,,,,,,
3.387,,,,,,
2.799,,,,,,
7.66,,,,,,
2.197,,,,,,
1.987,,,,,,
2.022,,,,,,
2.238,,,,,,
4.472,,,,,,
2.695,,,,,,
2.129,,,,,,
2.537,,,,,,
5.996,,,,,,
1.297,,,,,,
2.351,,,,,,
2.601,,,,,,
6.262,,,,,,
5.194,,,,,,
2.815,,,,,,
2.882,,,,,,
2.23,,,,,,
7.42,,,,,,
0.688,,,,,,
4.391,,,,,,
2.886,,,,,,
6.58,,,,,,
2.976,,,,,,
6.542,,,,,,
2.428,,,,,,
6.682,,,,,,
2.024,,,,,,
5.168,,,,,,
4.0,,,,,,
2.522,,,,,,
2.016,,,,,,
4.718,,,,,,
2.551,,,,,,
4.991,,,,,,
2.051,,,,,,
4.954,,,,,,
3.465,,,,,,
2.205,,,,,,
2.986,,,,,,
5.546,,,,,,
2.672,,,,,,
2.49,,,,,,
3.967,,,,,,
2.989,,,,,,
2.143,,,,,,
2.736,,,,,,
5.415,,,,,,
2.419,,,,,,
5.633,,,,,,
2.236,,,,,,
2.181,,,,,,
3.865,,,,,,
2.617,,,,,,
2.566,,,,,,
5.252,,,,,,
3.396,,,,,,
5.134,,,,,,
3.15,,,,,,
2.514,,,,,,
6.205,,,,,,
4.416,,,,,,
2.28,,,,,,
4.068,,,,,,
5.595,,,,,,
0.969,,,,,,
5.415,,,,,,
2.743,,,,,,
2.39,,,,,,
0.321,,,,,,
0.447,,,,,,
1.985,,,,,,
2.075,,,,,,
3.423,,,,,,
2.185,,,,,,
2.718,,,,,,
2.796,,,,,,
4.05,,,,,,
5.647,,,,,,
2.242,,,,,,
2.642,,,,,,
3.544,,,,,,
2.539,,,,,,
2.046,,,,,,
2.086,,,,,,
5.476,,,,,,
2.292,,,,,,
4.609,,,,,,
4.24,,,,,,
5.091,,,,,,
3.353,,,,,,
2.222,,,,,,
3.157,,,,,,
2.676,,,,,,
5.392,,,,,,
4.873,,,,,,
2.304,,,,,,
2.098,,,,,,
5.237,,,,,,
4.977,,,,,,
2.942,,,,,,
4.319,,,,,,
4.435,,,,,,
2.656,,,,,,
2.491,,,,,,
4.504,,,,,,
4.893,,,,,,
2.584,,,,,,
2.218,,,,,,
3.641,,,,,,
0.273,,,,,,
2.066,,,,,,
2.56,,,,,,
3.47,,,,,,
3.225,,,,,,
2.172,,,,,,
5.03,,,,,,
6.39,,,,,,
3.107,,,,,,
0.092,,,,,,
2.421,,,,,,
2.309,,,,,,
2.973,,,,,,
0.093,,,,,,
2.3,,,,,,
3.871,,,,,,
7.026,,,,,,
1.248,,,,,,
2.215,,,,,,
3.066,,,,,,
2.677,,,,,,
2.388,,,,,,
2.574,,,,,,
5.87,,,,,,
3.343,,,,,,
2.585,,,,,,
2.654,,,,,,
0.553,,,,,,
5.305,,,,,,
5.384,,,,,,
3.391,,,,,,
3.383,,,,,,
2.509,,,,,,
0.898,,,,,,
2.141,,,,,,
4.488,,,,,,
6.085,,,,,,
1.721,,,,,,
4.34,,,,,,
2.519,,,,,,
2.544,,,,,,
2.625,,,,,,
2.12,,,,,,
3.502,,,,,,
2.046,,,,,,
2.565,,,,,,
2.699,,,,,,
2.008,,,,,,
2.24,,,,,,
3.487,,,,,,
4.213,,,,,,
2.049,,,,,,
3.309,,,,,,
2.817,,,,,,
1.09,,,,,,
5.962,,,,,,
0.291,,,,,,
3.752,,,,,,
2.936,,,,,,
4.42,,,,,,
3.504,,,,,,
3.017,,,,,,
2.205,,,,,,
2.635,,,,,,
3.821,,,,,,
2.123,,,,,,
2.366,,,,,,
2.638,,,,,,
3.311,,,,,,
2.522,,,,,,
4.041,,,,,,
2.055,,,,,,
1.181,,,,,,
4.109,,,,,,
5.042,,,,,,
2.655,,,,,,
0.641,,,,,,
5.961,,,,,,
4.57,,,,,,
2.191,,,,,,
2.794,,,,,,
7.979,,,,,,
1.364,,,,,,
2.05,,,,,,
4.907,,,,,,
2.493,,,,,,
5.819,,,,,,
0.671,,,,,,
6.256,,,,,,
7.254,,,,,,
5.734,,,,,,
2.934,,,,,,
2.172,,,,,,
3.338,,,,,,
1.101,,,,,,
2.485,,,,,,
1.982,,,,,,
5.418,,,,,,
1.994,,,,,,
4.396,,,,,,
2.1,,,,,,
3.366,,,,,,
4.754,,,,,,
0.61,,,,,,
5.939,,,,,,
2.025,,,,,,
5.717,,,,,,
4.907,,,,,,
2.265,,,,,,
2.375,,,,,,
0.85,,,,,,
5.184,,,,,,
2.162,,,,,,
2.392,,,,,,
2.279,,,,,,
4.153,,,,,,
0.914,,,,,,
0.617,,,,,,
2.008,,,,,,
0.021,,,,,,
4.42,,,,,,
0.038,,,,,,
4.562,,,,,,
2.151,,,,,,
5.246,,,,,,
0.714,,,,,,
6.699,,,,,,
4.596,,,,,,
3.703,,,,,,
5.332,,,,,,
0.274,,,,,,
2.134,,,,,,
0.91,,,,,,
0.414,,,,,,
1.012,,,,,,
5.93,,,,,,
6.969,,,,,,
2.383,,,,,,
5.393,,,,,,
0.034,,,,,,
2.288,,,,,,
4.367,,,,,,
0.459,,,,,,
2.216,,,,,,
2.981,,,,,,
2.825,,,,,,
0.437,,,,,,
1.893,,,,,,
4.393,,,,,,
2.55,,,,,,
5.145,,,,,,
2.582,,,,,,
2.098,,,,,,
0.57,,,,,,
2.951,,,,,,
3.297,,,,,,
7.758,,,,,,
5.746,,,,,,
3.011,,,,,,
3.182,,,,,,
0.393,,,,,,
2.852,,,,,,
0.231,,,,,,
2.626,,,,,,
5.949,,,,,,
2.337,,,,,,
3.202,,,,,,
2.609,,,,,,
5.261,,,,,,
3.616,,,,,,
2.0,,,,,,
5.112,,,,,,
2.269,,,,,,
3.595,,,,,,
4.479,,,,,,
2.324,,,,,,
2.523,,,,,,
2.669,,,,,,
1.392,,,,,,
2.036,,,,,,
2.841,,,,,,
2.391,,,,,,
5.151,,,,,,
4.342,,,,,,
0.293,,,,,,
2.821,,,,,,
5.901,,,,,,
1.323,,,,,,
3.682,,,,,,
2.86,,,,,,
1.198,,,,,,
5.392,,,,,,
1.285,,,,,,
3.352,,,,,,
3.446,,,,,,
5.121,,,,,,
2.222,,,,,,
2.004,,,,,,
3.011,,,,,,
2.864,,,,,,
4.888,,,,,,
0.596,,,,,,
0.08,,,,,,
5.118,,,,,,
2.408,,,,,,
5.439,,,,,,
2.095,,,,,,
4.531,,,,,,
4.549,,,,,,
2.439,,,,,,
5.315,,,,,,
3.163,,,,,,
4.893,,,,,,
1.982,,,,,,
3.266,,,,,,
0.0,,,,,,
2.103,,,,,,
5.576,,,,,,
2.329,,,,,,
0.081,,,,,,
3.678,,,,,,
2.619,,,,,,
2.062,,,,,,
2.934,,,,,,
2.879,,,,,,
5.547,,,,,,
2.128,,,,,,
2.224,,,,,,
4.472,,,,,,
2.563,,,,,,
1.991,,,,,,
5.994,,,,,,
5.948,,,,,,
3.025,,,,,,
1.485,,,,,,
2.606,,,,,,
4.839,,,,,,
2.765,,,,,,
2.37,,,,,,
4.842,,,,,,
3.434,,,,,,
2.32,,,,,,
5.369,,,,,,
5.602,,,,,,
2.302,,,,,,
1.087,,,,,,
2.585,,,,,,
2.313,,,,,,
5.926,,,,,,
6.199,,,,,,
1.676,,,,,,
5.232,,,,,,
2.249,,,,,,
4.117,,,,,,
2.279,,,,,,
4.064,,,,,,
1.611,,,,,,
2.294,,,,,,
2.692,,,,,,
0.338,,,,,,
2.305,,,,,,
2.994,,,,,,
4.175,,,,,,
2.419,,,,,,
0.103,,,,,,
7.116,,,,,,
2.346,,,,,,
8.84,,,,,,
2.622,,,,,,
6.645,,,,,,
2.433,,,,,,
6.026,,,,,,
2.201,,,,,,
3.586,,,,,,
2.924,,,,,,
2.427,,,,,,
0.389,,,,,,
5.965,,,,,,
0.879,,,,,,
2.996,,,,,,
2.662,,,,,,
2.066,,,,,,
2.452,,,,,,
5.693,,,,,,
4.559,,,,,,
5.52,,,,,,
7.858,,,,,,
5.08,,,,,,
2.112,,,,,,
3.525,,,,,,
1.678,,,,,,
0.037,,,,,,
2.898,,,,,,
3.247,,,,,,
2.816,,,,,,
7.436,,,,,,
2.289,,,,,,
2.194,,,,,,
4.854,,,,,,
2.273,,,,,,
2.788,,,,,,
2.514,,,,,,
2.355,,,,,,
6.233,,,,,,
3.45,,,,,,
0.447,,,,,,
6.182,,,,,,
2.985,,,,,,
4.557,,,,,,
2.139,,,,,,
5.045,,,,,,
2.993,,,,,,
0.448,,,,,,
2.055,,,,,,
5.489,,,,,,
6.124,,,,,,
2.321,,,,,,
2.388,,,,,,
2.147,,,,,,
2.305,,,,,,
4.036,,,,,,
2.172,,,,,,
1.187,,,,,,
4.942,,,,,,
2.691,,,,,,
2.063,,,,,,
4.469,,,,,,
4.22,,,,,,
7.56,,,,,,
4.501,,,,,,
0.668,,,,,,
2.191,,,,,,
2.988,,,,,,
5.373,,,,,,
2.794,,,,,,
2.586,,,,,,
1.789,,,,,,
2.61,,,,,,
2.424,,,,,,
1.155,,,,,,
4.934,,,,,,
0.587,,,,,,
2.555,,,,,,
2.38,,,,,,
2.412,,,,,,
2.538,,,,,,
2.7,,,,,,
7.044,,,,,,
2.056,,,,,,
2.653,,,,,,
2.43,,,,,,
2.208,,,,,,
2.421,,,,,,
2.903,,,,,,
4.113,,,,,,
2.549,,,,,,
2.273,,,,,,
2.384,,,,,,
3.637,,,,,,
4.636,,,,,,
0.865,,,,,,
2.842,,,,,,
2.008,,,,,,
4.972,,,,,,
4.184,,,,,,
2.043,,,,,,
6.592,,,,,,
2.609,,,,,,
4.608,,,,,,
6.01,,,,,,
5.312,,,,,,
3.741,,,,,,
3.205,,,,,,
2.024,,,,,,
4.249,,,,,,
3.278,,,,,,
3.715,,,,,,
5.713,,,,,,
4.018,,,,,,
2.543,,,,,,
2.118,,,,,,
3.676,,,,,,
2.837,,,,,,
4.588,,,,,,
0.371,,,,,,
3.426,,,,,,
4.293,,,,,,
4.644,,,,,,
3.599,,,,,,
4.707,,,,,,
2.89,,,,,,
5.382,,,,,,
0.606,,,,,,
5.548,,,,,,
4.608,,,,,,
0.088,,,,,,
2.652,,,,,,
2.13,,,,,,
3.047,,,,,,
4.201,,,,,,
1.497,,,,,,
0.384,,,,,,
4.45,,,,,,
2.069,,,,,,
0.497,,,,,,
5.594,,,,,,
2.724,,,,,,
2.729,,,,,,
2.404,,,,,,
2.325,,,,,,
4.005,,,,,,
2.022,,,,,,
6.557,,,,,,
1.724,,,,,,
5.601,,,,,,
2.391,,,,,,
2.224,,,,,,
5.404,,,,,,
3.013,,,,,,
0.701,,,,,,
1.18,,,,,,
2.986,,,,,,
3.108,,,,,,
5.183,,,,,,
5.673,,,,,,
0.546,,,,,,
3.348,,,,,,
3.1,,,,,,
2.642,,,,,,
2.195,,,,,,
3.789,,,,,,
2.922,,,,,,
2.404,,,,,,
6.03,,,,,,
1.737,,,,,,
3.647,,,,,,
3.623,,,,,,
2.293,,,,,,
2.026,,,,,,
5.598,,,,,,
4.54,,,,,,
2.185,,,,,,
2.121,,,,,,
0.506,,,,,,
6.137,,,,,,
2.547,,,,,,
0.367,,,,,,
2.432,,,,,,
3.894,,,,,,
3.426,,,,,,
2.242,,,,,,
5.118,,,,,,
6.465,,,,,,
1.556,,,,,,
2.335,,,,,,
3.279,,,,,,
2.504,,,,,,
6.866,,,,,,
5.914,,,,,,
3.537,,,,,,
5.983,,,,,,
4.178,,,,,,
4.519,,,,,,
2.367,,,,,,
2.034,,,,,,
3.28,,,,,,
2.671,,,,,,
0.423,,,,,,
3.128,,,,,,
4.983,,,,,,
3.401,,,,,,
6.296,,,,,,
3.516,,,,,,
1.374,,,,,,
3.314,,,,,,
0.852,,,,,,
2.428,,,,,,
2.982,,,,,,
6.902,,,,,,
2.615,,,,,,
2.247,,,,,,
1.593,,,,,,
5.388,,,,,,
3.795,,,,,,
4.347,,,,,,
6.504,,,,,,
2.198,,,,,,
1.279,,,,,,
2.996,,,,,,
1.445,,,,,,
0.286,,,,,,
6.83,,,,,,
1.537,,,,,,
3.455,,,,,,
6.255,,,,,,
5.121,,,,,,
3.656,,,,,,
1.664,,,,,,
3.282,,,,,,
2.778,,,,,,
2.525,,,,,,
3.966,,,,,,
4.227,,,,,,
2.203,,,,,,
3.928,,,,,,
2.429,,,,,,
2.996,,,,,,
4.0,,,,,,
2.211,,,,,,
2.745,,,,,,
1.08,,,,,,
3.532,,,,,,
5.616,,,,,,
3.017,,,,,,
4.146,,,,,,
2.222,,,,,,
5.58,,,,,,
2.929,,,,,,
6.834,,,,,,
6.929,,,,,,
2.217,,,,,,
4.198,,,,,,
2.38,,,,,,
0.003,,,,,,
1.496,,,,,,
4.479,,,,,,
7.641,,,,,,
4.735,,,,,,
2.774,,,,,,
2.306,,,,,,
5.504,,,,,,
4.767,,,,,,
1.473,,,,,,
2.24,,,,,,
2.455,,,,,,
2.944,,,,,,
4.555,,,,,,
2.364,,,,,,
2.949,,,,,,
2.031,,,,,,
1.13,,,,,,
3.0,,,,,,
4.7,,,,,,
2.103,,,,,,
7.317,,,,,,
4.669,,,,,,
1.223,,,,,,
2.085,,,,,,
4.785,,,,,,
3.776,,,,,,
2.951,,,,,,
5.942,,,,,,
0.429,,,,,,
0.249,,,,,,
2.794,,,,,,
8.526,,,,,,
0.391,,,,,,
0.554,,,,,,
3.474,,,,,,
2.333,,,,,,
7.941,,,,,,
2.298,,,,,,
5.114,,,,,,
3.493,,,,,,
5.776,,,,,,
1.369,,,,,,
4.526,,,,,,
5.124,,,,,,
2.86,,,,,,
2.633,,,,,,
1.297,,,,,,
2.153,,,,,,
6.8,,,,,,
2.466,,,,,,
2.596,,,,,,
0.417,,,,,,
2.168,,,,,,
3.73,,,,,,
2.774,,,,,,
3.651,,,,,,
4.793,,,,,,
4.589,,,,,,
7.474,,,,,,
2.897,,,,,,
0.192,,,,,,
2.383,,,,,,
2.643,,,,,,
2.659,,,,,,
2.255,,,,,,
2.165,,,,,,
5.538,,,,,,
1.308,,,,,,
4.576,,,,,,
0.927,,,,,,
5.498,,,,,,
2.993,,,,,,
3.439,,,,,,
2.234,,,,,,
2.067,,,,,,
3.334,,,,,,
5.371,,,,,,
4.545,,,,,,
2.722,,,,,,
2.671,,,,,,
4.143,,,,,,
2.692,,,,,,
7.524,,,,,,
2.418,,,,,,
0.476,,,,,,
3.447,,,,,,
6.224,,,,,,
4.243,,,,,,
4.878,,,,,,
0.596,,,,,,
3.187,,,,,,
6.162,,,,,,
4.74,,,,,,
3.315,,,,,,
5.226,,,,,,
4.407,,,,,,
2.218,,,,,,
2.052,,,,,,
0.206,,,,,,
2.129,,,,,,
2.298,,,,,,
2.488,,,,,,
5.984,,,,,,
2.526,,,,,,
4.893,,,,,,
2.401,,,,,,
5.329,,,,,,
4.601,,,,,,
2.012,,,,,,
2.322,,,,,,
3.24,,,,,,
2.09,,,,,,
3.812,,,,,,
5.441,,,,,,
2.305,,,,,,
4.902,,,,,,
2.466,,,,,,
3.09,,,,,,
3.351,,,,,,
2.271,,,,,,
0.636,,,,,,
2.794,,,,,,
3.811,,,,,,
4.304,,,,,,
1.309,,,,,,
2.299,,,,,,
4.564,,,,,,
8.541,,,,,,
3.358,,,,,,
3.049,,,,,,
4.892,,,,,,
4.299,,,,,,
4.91,,,,,,
4.18,,,,,,
1.053,,,,,,
3.122,,,,,,
3.403,,,,,,
4.727,,,,,,
2.209,,,,,,
3.376,,,,,,
2.108,,,,,,
2.264,,,,,,
2.226,,,,,,
7.498,,,,,,
2.12,,,,,,
2.111,,,,,,
2.349,,,,,,
2.393,,,,,,
5.687,,,,,,
0.586,,,,,,
2.766,,,,,,
5.97,,,,,,
2.869,,,,,,
2.664,,,,,,
4.892,,,,,,
5.299,,,,,,
3.65,,,,,,
2.256,,,,,,
0.209,,,,,,
6.246,,,,,,
2.022,,,,,,
0.506,,,,,,
2.6,,,,,,
4.348,,,,,,
5.553,,,,,,
2.153,,,,,,
2.077,,,,,,
4.683,,,,,,
2.285,,,,,,
2.592,,,,,,
3.289,,,,,,
2.812,,,,,,
1.66,,,,,,
7.028,,,,,,
2.89,,,,,,
2.411,,,,,,
5.12,,,,,,
2.12,,,,,,
2.627,,,,,,
5.052,,,,,,
2.231,,,,,,
2.094,,,,,,
2.001,,,,,,
0.195,,,,,,
2.309,,,,,,
0.069,,,,,,
5.059,,,,,,
3.1,,,,,,
2.892,,,,,,
2.25,,,,,,
2.1,,,,,,
1.97,,,,,,
2.162,,,,,,
0.433,,,,,,
1.984,,,,,,
5.542,,,,,,
2.502,,,,,,
5.474,,,,,,
5.557,,,,,,
3.231,,,,,,
2.683,,,,,,
2.184,,,,,,
3.006,,,,,,
1.989,,,,,,
4.556,,,,,,
2.512,,,,,,
5.396,,,,,,
2.239,,,,,,
2.215,,,,,,
2.952,,,,,,
1.474,,,,,,
4.959,,,,,,
2.49,,,,,,
3.639,,,,,,
4.804,,,,,,
0.609,,,,,,
2.846,,,,,,
6.133,,,,,,
4.892,,,,,,
0.309,,,,,,
2.221,,,,,,
1.775,,,,,,
2.38,,,,,,
2.722,,,,,,
3.219,,,,,,
4.35,,,,,,
1.679,,,,,,
5.012,,,,,,
5.543,,,,,,
2.376,,,,,,
5.524,,,,,,
4.843,,,,,,
2.263,,,,,,
5.165,,,,,,
2.32,,,,,,
4.228,,,,,,
2.506,,,,,,
2.721,,,,,,
2.067,,,,,,
0.943,,,,,,
2.104,,,,,,
1.531,,,,,,
5.047,,,,,,
5.301,,,,,,
2.145,,,,,,
3.006,,,,,,
2.453,,,,,,
3.19,,,,,,
3.393,,,,,,
4.312,,,,,,
3.036,,,,,,
3.367,,,,,,
4.333,,,,,,
1.333,,,,,,
4.874,,,,,,
3.294,,,,,,
4.674,,,,,,
2.25,,,,,,
6.668,,,,,,
4.135,,,,,,
6.351,,,,,,
0.382,,,,,,
2.698,,,,,,
3.909,,,,,,
4.902,,,,,,
4.32,,,,,,
2.464,,,,,,
4.857,,,,,,
2.424,,,,,,
1.326,,,,,,
2.685,,,,,,
2.038,,,,,,
2.213,,,,,,
4.977,,,,,,
2.859,,,,,,
2.155,,,,,,
2.096,,,,,,
0.39,,,,,,
6.49,,,,,,
2.24,,,,,,
0.418,,,,,,
0.664,,,,,,
2.473,,,,,,
1.056,,,,,,
2.605,,,,,,
6.652,,,,,,
3.99,,,,,,
3.884,,,,,,
4.67,,,,,,
4.937,,,,,,
2.967,,,,,,
4.394,,,,,,
2.188,,,,,,
2.108,,,,,,
0.469,,,,,,
3.077,,,,,,
2.889,,,,,,
4.321,,,,,,
5.595,,,,,,
1.056,,,,,,
4.615,,,,,,
1.53,,,,,,
5.712,,,,,,
1.991,,,,,,
2.709,,,,,,
3.31,,,,,,
4.837,,,,,,
3.987,,,,,,
2.296,,,,,,
2.841,,,,,,
0.95,,,,,,
9.166,,,,,,
4.807,,,,,,
2.008,,,,,,
2.144,,,,,,
4.625,,,,,,
0.287,,,,,,
4.205,,,,,,
4.229,,,,,,
0.247,,,,,,
2.383,,,,,,
2.279,,,,,,
2.316,,,,,,
2.596,,,,,,
2.024,,,,,,
4.228,,,,,,
7.819,,,,,,
5.857,,,,,,
3.019,,,,,,
2.277,,,,,,
2.409,,,,,,
4.564,,,,,,
0.017,,,,,,
2.249,,,,,,
2.537,,,,,,
2.857,,,,,,
0.136,,,,,,
1.265,,,,,,
2.885,,,,,,
5.746,,,,,,
2.878,,,,,,
5.16,,,,,,
5.964,,,,,,
2.685,,,,,,
5.062,,,,,,
2.244,,,,,,
4.547,,,,,,
1.432,,,,,,
2.129,,,,,,
3.291,,,,,,
2.56,,,,,,
0.226,,,,,,
5.681,,,,,,
3.541,,,,,,
0.233,,,,,,
5.377,,,,,,
2.4,,,,,,
6.504,,,,,,
1.933,,,,,,
4.532,,,,,,
2.769,,,,,,
2.194,,,,,,
2.16,,,,,,
2.747,,,,,,
3.805,,,,,,
2.189,,,,,,
4.894,,,,,,
0.75,,,,,,
3.056,,,,,,
2.603,,,,,,
0.184,,,,,,
4.987,,,,,,
0.54,,,,,,
3.47,,,,,,
5.189,,,,,,
3.187,,,,,,
5.038,,,,,,
6.26,,,,,,
2.029,,,,,,
3.458,,,,,,
0.692,,,,,,
0.462,,,,,,
2.2,,,,,,
1.052,,,,,,
4.867,,,,,,
4.048,,,,,,
2.79,,,,,,
0.017,,,,,,
0.916,,,,,,
1.488,,,,,,
4.161,,,,,,
2.809,,,,,,
4.801,,,,,,
5.512,,,,,,
4.159,,,,,,
5.005,,,,,,
2.23,,,,,,
2.531,,,,,,
2.646,,,,,,
2.116,,,,,,
5.315,,,,,,
2.17,,,,,,
5.179,,,,,,
5.641,,,,,,
3.782,,,,,,
0.073,,,,,,
4.032,,,,,,
2.122,,,,,,
3.692,,,,,,
2.97,,,,,,
2.629,,,,,,
2.654,,,,,,
4.292,,,,,,
5.08,,,,,,
3.01,,,,,,
1.604,,,,,,
4.896,,,,,,
4.97,,,,,,
2.725,,,,,,
2.611,,,,,,
2.156,,,,,,
5.125,,,,,,
2.719,,,,,,
2.283,,,,,,
4.926,,,,,,
2.865,,,,,,
5.015,,,,,,
3.276,,,,,,
1.744,,,,,,
2.202,,,,,,
6.079,,,,,,
3.284,,,,,,
3.22,,,,,,
1.366,,,,,,
1.631,,,,,,
1.993,,,,,,
4.572,,,,,,
3.665,,,,,,
2.496,,,,,,
2.147,,,,,,
2.099,,,,,,
5.271,,,,,,
2.416,,,,,,
2.357,,,,,,
2.184,,,,,,
4.327,,,,,,
2.21,,,,,,
4.664,,,,,,
3.476,,,,,,
2.756,,,,,,
4.157,,,,,,
7.626,,,,,,
2.755,,,,,,
0.735,,,,,,
4.477,,,,,,
4.148,,,,,,
2.088,,,,,,
3.074,,,,,,
2.084,,,,,,
4.33,,,,,,
0.446,,,,,,
2.557,,,,,,
2.403,,,,,,
6.058,,,,,,
2.279,,,,,,
0.013,,,,,,
5.908,,,,,,
2.305,,,,,,
0.736,,,,,,
2.289,,,,,,
3.14,,,,,,
3.472,,,,,,
5.939,,,,,,
0.017,,,,,,
5.933,,,,,,
2.043,,,,,,
2.318,,,,,,
5.715,,,,,,
2.167,,,,,,
5.794,,,,,,
0.107,,,,,,
2.779,,,,,,
6.945,,,,,,
4.496,,,,,,
2.434,,,,,,
2.283,,,,,,
2.419,,,,,,
2.149,,,,,,
2.004,,,,,,
5.148,,,,,,
5.683,,,,,,
6.556,,,,,,
2.102,,,,,,
3.218,,,,,,
2.405,,,,,,
4.628,,,,,,
3.128,,,,,,
3.553,,,,,,
3.021,,,,,,
2.433,,,,,,
0.878,,,,,,
4.822,,,,,,
2.419,,,,,,
4.316,,,,,,
0.844,,,,,,
1.168,,,,,,
2.372,,,,,,
1.383,,,,,,
2.197,,,,,,
4.804,,,,,,
2.158,,,,,,
0.137,,,,,,
5.911,,,,,,
4.549,,,,,,
4.781,,,,,,
5.681,,,,,,
4.831,,,,,,
3.478,,,,,,
2.441,,,,,,
2.148,,,,,,
2.076,,,,,,
1.358,,,,,,
2.063,,,,,,
2.077,,,,,,
2.325,,,,,,
6.2,,,,,,
0.078,,,,,,
3.38,,,,,,
6.189,,,,,,
2.145,,,,,,
2.936,,,,,,
3.938,,,,,,
3.808,,,,,,
5.837,,,,,,
1.579,,,,,,
2.508,,,,,,
5.077,,,,,,
2.03,,,,,,
1.457,,,,,,
5.238,,,,,,
2.85,,,,,,
5.624,,,,,,
2.199,,,,,,
5.541,,,,,,
5.766,,,,,,
2.291,,,,,,
2.231,,,,,,
4.556,,,,,,
2.436,,,,,,
2.831,,,,,,
5.485,,,,,,
6.063,,,,,,
6.271,,,,,,
2.844,,,,,,
4.035,,,,,,
2.749,,,,,,
2.289,,,,,,
3.998,,,,,,
4.002,,,,,,
3.026,,,,,,
2.911,,,,,,
5.161,,,,,,
2.57,,,,,,
2.083,,,,,,
2.309,,,,,,
4.612,,,,,,
0.976,,,,,,
2.38,,,,,,
2.223,,,,,,
4.831,,,,,,
2.453,,,,,,
4.141,,,,,,
0.023,,,,,,
4.23,,,,,,
4.313,,,,,,
0.572,,,,,,
4.601,,,,,,
2.342,,,,,,
3.394,,,,,,
0.524,,,,,,
3.622,,,,,,
0.159,,,,,,
3.346,,,,,,
2.3,,,,,,
2.43,,,,,,
2.132,,,,,,
2.808,,,,,,
3.621,,,,,,
2.566,,,,,,
4.664,,,,,,
6.101,,,,,,
2.067,,,,,,
2.226,,,,,,
2.156,,,,,,
2.859,,,,,,
4.628,,,,,,
4.945,,,,,,
4.715,,,,,,
2.351,,,,,,
5.412,,,,,,
3.045,,,,,,
5.12,,,,,,
3.655,,,,,,
4.407,,,,,,
2.108,,,,,,
2.077,,,,,,
4.402,,,,,,
5.034,,,,,,
5.184,,,,,,
8.159,,,,,,
2.98,,,,,,
2.53,,,,,,
2.469,,,,,,
1.983,,,,,,
3.318,,,,,,
3.018,,,,,,
2.022,,,,,,
6.738,,,,,,
0.816,,,,,,
2.009,,,,,,
3.107,,,,,,
5.253,,,,,,
5.136,,,,,,
2.362,,,,,,
3.479,,,,,,
2.799,,,,,,
4.763,,,,,,
5.593,,,,,,
3.577,,,,,,
1.077,,,,,,
5.45,,,,,,
0.099,,,,,,
0.435,,,,,,
2.759,,,,,,
4.623,,,,,,
0.435,,,,,,
2.021,,,,,,
4.568,,,,,,
6.382,,,,,,
0.217,,,,,,
4.958,,,,,,
4.554,,,,,,
3.375,,,,,,
5.356,,,,,,
4.567,,,,,,
4.324,,,,,,
0.57,,,,,,
0.022,,,,,,
2.297,,,,,,
2.523,,,,,,
3.123,,,,,,
2.14,,,,,,
4.968,,,,,,
2.899,,,,,,
2.199,,,,,,
7.245,,,,,,
3.782,,,,,,
2.899,,,,,,
5.934,,,,,,
1.443,,,,,,
3.785,,,,,,
0.831,,,,,,
0.33,,,,,,
3.266,,,,,,
6.165,,,,,,
2.964,,,,,,
5.869,,,,,,
9.428,,,,,,
4.106,,,,,,
4.581,,,,,,
3.17,,,,,,
2.772,,,,,,
2.045,,,,,,
2.294,,,,,,
2.061,,,,,,
2.458,,,,,,
2.587,,,,,,
6.159,,,,,,
2.841,,,,,,
2.403,,,,,,
2.358,,,,,,
1.145,,,,,,
2.357,,,,,,
6.819,,,,,,
1.123,,,,,,
8.283,,,,,,
0.277,,,,,,
2.745,,,,,,
3.968,,,,,,
2.428,,,,,,
4.226,,,,,,
3.347,,,,,,
3.21,,,,,,
3.781,,,,,,
2.635,,,,,,
4.9,,,,,,
2.325,,,,,,
2.747,,,,,,
5.177,,,,,,
2.265,,,,,,
2.28,,,,,,
3.276,,,,,,
3.743,,,,,,
2.053,,,,,,
6.647,,,,,,
4.043,,,,,,
2.268,,,,,,
2.631,,,,,,
2.016,,,,,,
2.13,,,,,,
2.115,,,,,,
1.202,,,,,,
2.421,,,,,,
2.304,,,,,,
0.732,,,,,,
2.125,,,,,,
2.932,,,,,,
3.151,,,,,,
4.725,,,,,,
2.296,,,,,,
3.525,,,,,,
7.013,,,,,,
1.214,,,,,,
2.607,,,,,,
2.312,,,,,,
2.122,,,,,,
2.925,,,,,,
2.133,,,,,,
2.337,,,,,,
2.016,,,,,,
2.053,,,,,,
2.199,,,,,,
2.045,,,,,,
4.891,,,,,,
2.782,,,,,,
4.606,,,,,,
2.231,,,,,,
2.143,,,,,,
2.462,,,,,,
2.008,,,,,,
3.055,,,,,,
0.352,,,,,,
5.326,,,,,,
4.804,,,,,,
2.351,,,,,,
4.675,,,,,,
2.8,,,,,,
0.558,,,,,,
2.107,,,,,,
4.164,,,,,,
7.107,,,,,,
0.585,,,,,,
2.326,,,,,,
3.136,,,,,,
4.189,,,,,,
3.37,,,,,,
6.531,,,,,,
2.652,,,,,,
1.356,,,,,,
2.024,,,,,,
2.464,,,,,,
3.082,,,,,,
5.615,,,,,,
5.792,,,,,,
5.669,,,,,,
2.527,,,,,,
4.621,,,,,,
8.491,,,,,,
2.063,,,,,,
1.683,,,,,,
0.709,,,,,,
2.278,,,,,,
1.239,,,,,,
0.98,,,,,,
2.059,,,,,,
2.232,,,,,,
2.297,,,,,,
4.334,,,,,,
3.053,,,,,,
2.408,,,,,,
2.415,,,,,,
1.468,,,,,,
4.931,,,,,,
3.6,,,,,,
3.787,,,,,,
2.919,,,,,,
2.14,,,,,,
2.211,,,,,,
5.461,,,,,,
3.271,,,,,,
2.637,,,,,,
2.166,,,,,,
5.011,,,,,,
7.028,,,,,,
1.729,,,,,,
2.987,,,,,,
2.335,,,,,,
0.099,,,,,,
3.083,,,,,,
3.062,,,,,,
2.148,,,,,,
4.491,,,,,,
2.021,,,,,,
3.127,,,,,,
2.154,,,,,,
4.626,,,,,,
3.603,,,,,,
2.05,,,,,,
2.484,,,,,,
2.466,,,,,,
2.697,,,,,,
2.461,,,,,,
