ascent,Unnamed: 1,Unnamed: 2,Unnamed: 3,Unnamed: 4,Unnamed: 5,Unnamed: 6
3.384,,,,,,
2.977,,,,,,
2.77,,,,,,
2.789,,,,,,
2.61,,,,,,
2.952,,,,,,
0.357,,,,,,
2.241,,,,,,
9.776,,,,,,
6.079,,,,,,
2.53,,,,,,
3.041,,,,,,
7.103,,,,,,
6.059,,,,,,
2.739,,,,,,
2.042,,,,,,
2.74,,,,,,
2.506,,,,,,
2.045,,,,,,
2.065,,,,,,
0.04,,,,,,
2.798,,,,,,
4.275,,,,,,
0.036,,,,,,
2.248,,,,,,
2.123,,,,,,
2.649,,,,,,
5.001,,,,,,
7.328,,,,,,
3.023,,,,,,
3.248,,,,,,
4.233,,,,,,
2.351,,,,,,
2.015,,,,,,
2.028,,,,,,
2.074,,,,,,
3.26,,,,,,
2.276,,,,,,
3.048,,,,,,
9.765,,,,,,
7.069,,,,,,
4.129,,,,,,
2.728,,,,,,
6.418,,,,,,
6.941,,,,,,
3.502,,,,,,
2.016,,,,,,
5.25,,,,,,
1.432,,,,,,
3.118,,,,,,
3.086,,,,,,
2.5,,,,,,
3.258,,,,,,
2.276,,,,,,
3.595,,,,,,
2.008,,,,,,
5.996,,,,,,
1.896,,,,,,
4.686,,,,,,
5.98,,,,,,
2.721,,,,,,
2.193,,,,,,
2.676,,,,,,
2.436,,,,,,
4.786,,,,,,
1.92,,,,,,
2.089,,,,,,
3.897,,,,,,
2.384,,,,,,
3.951,,,,,,
2.12,,,,,,
2.852,,,,,,
4.047,,,,,,
3.667,,,,,,
2.364,,,,,,
3.692,,,,,,
7.086,,,,,,
2.379,,,,,,
1.837,,,,,,
2.125,,,,,,
6.329,,,,,,
2.301,,,,,,
2.186,,,,,,
5.857,,,,,,
2.091,,,,,,
4.532,,,,,,
2.002,,,,,,
2.785,,,,,,
5.313,,,,,,
4.368,,,,,,
3.88,,,,,,
2.404,,,,,,
1.613,,,,,,
7.17,,,,,,
0.238,,,,,,
0.233,,,,,,
2.225,,,,,,
2.212,,,,,,
1.64,,,,,,
4.51,,,,,,
1.614,,,,,,
1.155,,,,,,
2.916,,,,,,
3.971,,,,,,
0.688,,,,,,
0.464,,,,,,
3.556,,,,,,
4.847,,,,,,
3.408,,,,,,
2.407,,,,,,
3.847,,,,,,
6.513,,,,,,
5.101,,,,,,
2.271,,,,,,
2.901,,,,,,
4.106,,,,,,
5.052,,,,,,
2.487,,,,,,
28.866,,,,,,
2.858,,,,,,
6.9,,,,,,
2.556,,,,,,
3.062,,,,,,
5.155,,,,,,
2.564,,,,,,
2.582,,,,,,
6.095,,,,,,
2.356,,,,,,
5.688,,,,,,
1.121,,,,,,
3.523,,,,,,
4.733,,,,,,
4.658,,,,,,
5.142,,,,,,
0.321,,,,,,
4.907,,,,,,
2.099,,,,,,
2.446,,,,,,
1.999,,,,,,
3.048,,,,,,
6.655,,,,,,
0.886,,,,,,
2.765,,,,,,
2.597,,,,,,
2.661,,,,,,
2.727,,,,,,
4.648,,,,,,
3.74,,,,,,
3.048,,,,,,
3.31,,,,,,
2.142,,,,,,
6.024,,,,,,
2.14,,,,,,
2.884,,,,,,
2.745,,,,,,
4.86,,,,,,
0.466,,,,,,
2.198,,,,,,
4.837,,,,,,
2.107,,,,,,
4.232,,,,,,
2.178,,,,,,
3.627,,,,,,
2.983,,,,,,
2.218,,,,,,
4.891,,,,,,
2.359,,,,,,
3.048,,,,,,
1.86,,,,,,
2.824,,,,,,
2.115,,,,,,
2.655,,,,,,
3.96,,,,,,
2.102,,,,,,
2.882,,,,,,
5.308,,,,,,
2.894,,,,,,
2.256,,,,,,
3.736,,,,,,
2.366,,,,,,
3.663,,,,,,
4.078,,,,,,
9.609,,,,,,
3.221,,,,,,
2.569,,,,,,
2.503,,,,,,
5.193,,,,,,
0.618,,,,,,
2.429,,,,,,
3.048,,,,,,
0.266,,,,,,
1.598,,,,,,
2.676,,,,,,
6.417,,,,,,
4.481,,,,,,
7.489,,,,,,
0.272,,,,,,
2.131,,,,,,
3.035,,,,,,
2.823,,,,,,
5.098,,,,,,
2.403,,,,,,
5.11,,,,,,
5.987,,,,,,
4.976,,,,,,
7.753,,,,,,
6.096,,,,,,
4.605,,,,,,
0.459,,,,,,
4.598,,,,,,
3.3,,,,,,
2.84,,,,,,
3.048,,,,,,
4.954,,,,,,
5.144,,,,,,
5.396,,,,,,
0.533,,,,,,
4.973,,,,,,
3.09,,,,,,
5.516,,,,,,
0.576,,,,,,
3.986,,,,,,
6.795,,,,,,
6.903,,,,,,
6.739,,,,,,
1.643,,,,,,
6.363,,,,,,
2.753,,,,,,
7.06,,,,,,
3.109,,,,,,
2.187,,,,,,
3.103,,,,,,
4.556,,,,,,
1.861,,,,,,
5.516,,,,,,
0.589,,,,,,
2.511,,,,,,
9.248,,,,,,
5.769,,,,,,
3.313,,,,,,
2.864,,,,,,
6.583,,,,,,
1.632,,,,,,
5.364,,,,,,
2.902,,,,,,
2.168,,,,,,
2.919,,,,,,
5.087,,,,,,
0.027,,,,,,
0.112,,,,,,
7.648,,,,,,
2.218,,,,,,
2.719,,,,,,
2.072,,,,,,
2.825,,,,,,
3.417,,,,,,
2.782,,,,,,
6.346,,,,,,
2.247,,,,,,
2.929,,,,,,
2.777,,,,,,
1.27,,,,,,
5.978,,,,,,
2.958,,,,,,
7.178,,,,,,
0.374,,,,,,
3.392,,,,,,
2.007,,,,,,
6.096,,,,,,
3.464,,,,,,
3.707,,,,,,
2.726,,,,,,
2.165,,,,,,
2.113,,,,,,
2.159,,,,,,
4.016,,,,,,
3.048,,,,,,
3.277,,,,,,
2.411,,,,,,
0.322,,,,,,
3.19,,,,,,
3.417,,,,,,
0.708,,,,,,
6.096,,,,,,
3.048,,,,,,
2.571,,,,,,
4.303,,,,,,
2.877,,,,,,
0.774,,,,,,
3.071,,,,,,
0.187,,,,,,
2.86,,,,,,
2.216,,,,,,
2.222,,,,,,
2.451,,,,,,
3.32,,,,,,
4.489,,,,,,
4.191,,,,,,
4.52,,,,,,
2.847,,,,,,
4.226,,,,,,
2.177,,,,,,
2.416,,,,,,
2.623,,,,,,
2.001,,,,,,
2.128,,,,,,
1.989,,,,,,
2.068,,,,,,
2.401,,,,,,
2.197,,,,,,
2.405,,,,,,
2.733,,,,,,
3.191,,,,,,
2.196,,,,,,
0.27,,,,,,
2.35,,,,,,
3.1,,,,,,
4.172,,,,,,
2.051,,,,,,
2.052,,,,,,
3.035,,,,,,
2.877,,,,,,
1.805,,,,,,
9.88,,,,,,
2.598,,,,,,
4.075,,,,,,
3.958,,,,,,
5.413,,,,,,
3.047,,,,,,
4.335,,,,,,
2.657,,,,,,
2.02,,,,,,
1.424,,,,,,
3.353,,,,,,
0.457,,,,,,
4.29,,,,,,
2.279,,,,,,
2.796,,,,,,
2.169,,,,,,
0.634,,,,,,
2.413,,,,,,
3.725,,,,,,
2.324,,,,,,
3.048,,,,,,
3.655,,,,,,
2.129,,,,,,
4.434,,,,,,
0.32,,,,,,
1.32,,,,,,
7.592,,,,,,
1.914,,,,,,
2.043,,,,,,
2.099,,,,,,
2.375,,,,,,
4.871,,,,,,
2.471,,,,,,
4.551,,,,,,
2.778,,,,,,
7.107,,,,,,
4.548,,,,,,
4.636,,,,,,
4.214,,,,,,
3.048,,,,,,
2.449,,,,,,
5.016,,,,,,
6.096,,,,,,
1.837,,,,,,
4.084,,,,,,
2.436,,,,,,
3.378,,,,,,
3.785,,,,,,
2.1,,,,,,
2.882,,,,,,
4.042,,,,,,
4.817,,,,,,
0.536,,,,,,
2.7,,,,,,
2.018,,,,,,
4.172,,,,,,
3.92,,,,,,
1.996,,,,,,
1.831,,,,,,
7.397,,,,,,
7.163,,,,,,
0.953,,,,,,
3.157,,,,,,
2.486,,,,,,
2.473,,,,,,
3.974,,,,,,
6.153,,,,,,
2.414,,,,,,
2.121,,,,,,
2.394,,,,,,
0.776,,,,,,
3.07,,,,,,
5.19,,,,,,
4.739,,,,,,
2.914,,,,,,
3.233,,,,,,
4.578,,,,,,
6.545,,,,,,
7.306,,,,,,
2.862,,,,,,
8.132,,,,,,
2.149,,,,,,
4.522,,,,,,
4.678,,,,,,
4.33,,,,,,
1.067,,,,,,
0.758,,,,,,
3.457,,,,,,
4.934,,,,,,
2.041,,,,,,
5.112,,,,,,
3.053,,,,,,
0.611,,,,,,
3.225,,,,,,
2.952,,,,,,
0.807,,,,,,
5.92,,,,,,
4.691,,,,,,
2.294,,,,,,
2.49,,,,,,
3.957,,,,,,
3.396,,,,,,
8.628,,,,,,
4.441,,,,,,
2.422,,,,,,
4.557,,,,,,
3.586,,,,,,
3.159,,,,,,
3.637,,,,,,
4.522,,,,,,
5.178,,,,,,
1.608,,,,,,
2.597,,,,,,
2.404,,,,,,
4.43,,,,,,
2.113,,,,,,
2.628,,,,,,
2.675,,,,,,
8.442,,,,,,
3.263,,,,,,
2.358,,,,,,
1.899,,,,,,
3.263,,,,,,
2.385,,,,,,
2.557,,,,,,
2.475,,,,,,
5.994,,,,,,
6.007,,,,,,
3.968,,,,,,
4.125,,,,,,
4.168,,,,,,
3.291,,,,,,
2.42,,,,,,
4.412,,,,,,
2.91,,,,,,
2.137,,,,,,
5.18,,,,,,
3.671,,,,,,
4.542,,,,,,
3.436,,,,,,
3.077,,,,,,
2.498,,,,,,
2.456,,,,,,
5.14,,,,,,
2.047,,,,,,
6.096,,,,,,
3.048,,,,,,
1.935,,,,,,
2.801,,,,,,
2.203,,,,,,
4.483,,,,,,
5.009,,,,,,
2.354,,,,,,
2.396,,,,,,
4.171,,,,,,
2.024,,,,,,
2.606,,,,,,
3.048,,,,,,
1.982,,,,,,
2.996,,,,,,
0.026,,,,,,
14.747,,,,,,
5.656,,,,,,
2.371,,,,,,
3.859,,,,,,
2.652,,,,,,
1.606,,,,,,
1.985,,,,,,
5.754,,,,,,
2.012,,,,,,
6.957,,,,,,
2.128,,,,,,
2.273,,,,,,
3.714,,,,,,
2.229,,,,,,
3.563,,,,,,
7.458,,,,,,
2.524,,,,,,
2.087,,,,,,
2.601,,,,,,
3.092,,,,,,
1.642,,,,,,
2.923,,,,,,
0.237,,,,,,
2.907,,,,,,
3.048,,,,,,
1.74,,,,,,
2.668,,,,,,
1.417,,,,,,
5.966,,,,,,
3.075,,,,,,
3.474,,,,,,
4.95,,,,,,
2.63,,,,,,
1.986,,,,,,
2.633,,,,,,
1.95,,,,,,
2.778,,,,,,
2.452,,,,,,
3.048,,,,,,
8.015,,,,,,
4.126,,,,,,
4.142,,,,,,
7.514,,,,,,
0.028,,,,,,
2.072,,,,,,
2.291,,,,,,
2.07,,,,,,
3.138,,,,,,
2.505,,,,,,
3.848,,,,,,
3.666,,,,,,
2.011,,,,,,
4.267,,,,,,
2.832,,,,,,
4.84,,,,,,
3.412,,,,,,
2.941,,,,,,
2.317,,,,,,
2.421,,,,,,
2.344,,,,,,
0.652,,,,,,
3.066,,,,,,
3.976,,,,,,
2.706,,,,,,
2.791,,,,,,
2.582,,,,,,
5.402,,,,,,
0.325,,,,,,
5.476,,,,,,
7.494,,,,,,
2.767,,,,,,
2.234,,,,,,
3.589,,,,,,
3.165,,,,,,
4.307,,,,,,
0.426,,,,,,
2.355,,,,,,
4.83,,,,,,
3.476,,,,,,
2.683,,,,,,
1.671,,,,,,
3.03,,,,,,
3.158,,,,,,
7.153,,,,,,
0.261,,,,,,
4.712,,,,,,
2.243,,,,,,
3.782,,,,,,
4.538,,,,,,
2.168,,,,,,
2.624,,,,,,
3.709,,,,,,
2.265,,,,,,
2.149,,,,,,
3.048,,,,,,
3.415,,,,,,
2.505,,,,,,
1.738,,,,,,
3.814,,,,,,
1.611,,,,,,
3.963,,,,,,
2.185,,,,,,
3.592,,,,,,
2.124,,,,,,
4.881,,,,,,
2.141,,,,,,
2.314,,,,,,
2.866,,,,,,
1.64,,,,,,
3.51,,,,,,
4.498,,,,,,
3.048,,,,,,
4.538,,,,,,
3.233,,,,,,
2.349,,,,,,
2.293,,,,,,
2.372,,,,,,
1.944,,,,,,
3.723,,,,,,
0.406,,,,,,
4.777,,,,,,
3.047,,,,,,
7.508,,,,,,
7.02,,,,,,
7.236,,,,,,
5.92,,,,,,
6.096,,,,,,
2.844,,,,,,
3.048,,,,,,
1.907,,,,,,
6.096,,,,,,
6.568,,,,,,
3.763,,,,,,
2.372,,,,,,
3.251,,,,,,
2.691,,,,,,
2.609,,,,,,
5.793,,,,,,
0.554,,,,,,
5.036,,,,,,
3.486,,,,,,
2.543,,,,,,
4.263,,,,,,
3.048,,,,,,
3.048,,,,,,
6.096,,,,,,
4.387,,,,,,
6.096,,,,,,
6.855,,,,,,
2.288,,,,,,
0.18,,,,,,
1.597,,,,,,
2.406,,,,,,
3.047,,,,,,
2.766,,,,,,
2.679,,,,,,
1.397,,,,,,
2.285,,,,,,
2.003,,,,,,
2.998,,,,,,
4.362,,,,,,
3.048,,,,,,
3.048,,,,,,
2.312,,,,,,
4.0,,,,,,
4.416,,,,,,
2.857,,,,,,
0.464,,,,,,
2.329,,,,,,
2.043,,,,,,
4.773,,,,,,
2.787,,,,,,
4.49,,,,,,
2.007,,,,,,
3.048,,,,,,
4.322,,,,,,
2.106,,,,,,
3.048,,,,,,
2.497,,,,,,
1.494,,,,,,
2.466,,,,,,
3.048,,,,,,
2.626,,,,,,
2.025,,,,,,
2.263,,,,,,
4.821,,,,,,
2.726,,,,,,
1.995,,,,,,
4.947,,,,,,
3.153,,,,,,
5.12,,,,,,
3.57,,,,,,
5.591,,,,,,
4.31,,,,,,
6.252,,,,,,
0.519,,,,,,
2.4,,,,,,
3.048,,,,,,
3.048,,,,,,
3.08,,,,,,
2.079,,,,,,
2.934,,,,,,
2.912,,,,,,
2.001,,,,,,
2.629,,,,,,
2.005,,,,,,
5.42,,,,,,
2.275,,,,,,
2.214,,,,,,
2.303,,,,,,
5.283,,,,,,
3.048,,,,,,
2.021,,,,,,
2.123,,,,,,
4.209,,,,,,
0.005,,,,,,
3.82,,,,,,
1.556,,,,,,
2.188,,,,,,
4.278,,,,,,
3.095,,,,,,
1.904,,,,,,
4.191,,,,,,
2.366,,,,,,
2.057,,,,,,
4.717,,,,,,
2.404,,,,,,
2.415,,,,,,
5.058,,,,,,
4.542,,,,,,
2.647,,,,,,
2.174,,,,,,
3.185,,,,,,
6.618,,,,,,
4.934,,,,,,
3.546,,,,,,
2.347,,,,,,
1.606,,,,,,
4.6,,,,,,
3.853,,,,,,
4.625,,,,,,
2.207,,,,,,
6.095,,,,,,
4.176,,,,,,
4.189,,,,,,
2.506,,,,,,
1.276,,,,,,
2.678,,,,,,
3.41,,,,,,
5.531,,,,,,
0.839,,,,,,
2.208,,,,,,
2.073,,,,,,
2.077,,,,,,
3.75,,,,,,
3.269,,,,,,
2.21,,,,,,
0.417,,,,,,
4.732,,,,,,
8.779,,,,,,
2.573,,,,,,
2.382,,,,,,
1.427,,,,,,
4.937,,,,,,
0.664,,,,,,
3.048,,,,,,
4.459,,,,,,
3.258,,,,,,
4.688,,,,,,
2.511,,,,,,
1.031,,,,,,
4.838,,,,,,
2.244,,,,,,
2.03,,,,,,
5.171,,,,,,
2.745,,,,,,
5.075,,,,,,
4.109,,,,,,
2.067,,,,,,
4.264,,,,,,
2.22,,,,,,
2.263,,,,,,
2.708,,,,,,
2.482,,,,,,
4.129,,,,,,
2.079,,,,,,
6.653,,,,,,
2.507,,,,,,
6.025,,,,,,
2.648,,,,,,
3.031,,,,,,
2.883,,,,,,
2.023,,,,,,
5.818,,,,,,
0.096,,,,,,
5.812,,,,,,
1.072,,,,,,
2.283,,,,,,
3.942,,,,,,
3.5,,,,,,
0.766,,,,,,
3.16,,,,,,
2.758,,,,,,
2.543,,,,,,
2.948,,,,,,
3.048,,,,,,
7.624,,,,,,
1.988,,,,,,
6.721,,,,,,
2.086,,,,,,
5.139,,,,,,
3.516,,,,,,
1.584,,,,,,
4.022,,,,,,
1.797,,,,,,
2.804,,,,,,
2.336,,,,,,
2.205,,,,,,
2.311,,,,,,
2.576,,,,,,
6.457,,,,,,
4.79,,,,,,
11.753,,,,,,
2.282,,,,,,
2.217,,,,,,
2.364,,,,,,
7.877,,,,,,
3.047,,,,,,
3.186,,,,,,
1.401,,,,,,
3.481,,,,,,
2.033,,,,,,
0.944,,,,,,
5.671,,,,,,
0.121,,,,,,
2.111,,,,,,
2.191,,,,,,
2.858,,,,,,
3.048,,,,,,
3.531,,,,,,
7.639,,,,,,
5.679,,,,,,
3.247,,,,,,
2.394,,,,,,
4.529,,,,,,
3.647,,,,,,
6.776,,,,,,
4.903,,,,,,
3.085,,,,,,
5.503,,,,,,
4.814,,,,,,
5.4,,,,,,
3.047,,,,,,
4.694,,,,,,
3.047,,,,,,
3.64,,,,,,
0.136,,,,,,
4.637,,,,,,
6.095,,,,,,
3.144,,,,,,
1.992,,,,,,
2.564,,,,,,
4.271,,,,,,
3.969,,,,,,
5.078,,,,,,
1.763,,,,,,
3.047,,,,,,
2.393,,,,,,
4.88,,,,,,
4.37,,,,,,
1.977,,,,,,
2.456,,,,,,
0.095,,,,,,
1.132,,,,,,
5.443,,,,,,
3.048,,,,,,
1.926,,,,,,
4.816,,,,,,
3.727,,,,,,
3.54,,,,,,
2.856,,,,,,
3.048,,,,,,
0.738,,,,,,
2.205,,,,,,
4.88,,,,,,
3.048,,,,,,
1.965,,,,,,
3.047,,,,,,
2.788,,,,,,
3.234,,,,,,
2.214,,,,,,
1.994,,,,,,
2.036,,,,,,
3.936,,,,,,
4.999,,,,,,
9.026,,,,,,
2.024,,,,,,
6.316,,,,,,
3.389,,,,,,
1.052,,,,,,
4.881,,,,,,
0.085,,,,,,
2.082,,,,,,
3.577,,,,,,
6.838,,,,,,
3.047,,,,,,
2.244,,,,,,
5.704,,,,,,
8.193,,,,,,
4.258,,,,,,
5.064,,,,,,
2.473,,,,,,
4.842,,,,,,
5.036,,,,,,
4.948,,,,,,
10.035,,,,,,
0.453,,,,,,
4.836,,,,,,
3.048,,,,,,
4.742,,,,,,
2.857,,,,,,
4.22,,,,,,
3.019,,,,,,
2.226,,,,,,
2.127,,,,,,
4.765,,,,,,
1.315,,,,,,
3.792,,,,,,
2.173,,,,,,
2.414,,,,,,
2.185,,,,,,
1.654,,,,,,
4.441,,,,,,
2.614,,,,,,
2.14,,,,,,
2.43,,,,,,
5.535,,,,,,
1.082,,,,,,
3.735,,,,,,
2.5,,,,,,
2.605,,,,,,
6.095,,,,,,
7.205,,,,,,
4.529,,,,,,
7.797,,,,,,
4.632,,,,,,
2.633,,,,,,
1.745,,,,,,
6.398,,,,,,
4.531,,,,,,
4.763,,,,,,
2.92,,,,,,
3.582,,,,,,
5.302,,,,,,
2.91,,,,,,
0.926,,,,,,
1.985,,,,,,
0.141,,,,,,
2.094,,,,,,
2.897,,,,,,
6.775,,,,,,
2.225,,,,,,
2.287,,,,,,
2.678,,,,,,
2.466,,,,,,
5.91,,,,,,
0.42,,,,,,
5.675,,,,,,
3.924,,,,,,
1.535,,,,,,
2.421,,,,,,
2.166,,,,,,
2.173,,,,,,
3.787,,,,,,
2.218,,,,,,
4.752,,,,,,
4.758,,,,,,
2.331,,,,,,
4.6,,,,,,
2.713,,,,,,
2.171,,,,,,
9.196,,,,,,
4.299,,,,,,
3.416,,,,,,
3.047,,,,,,
2.485,,,,,,
3.167,,,,,,
2.015,,,,,,
2.947,,,,,,
5.133,,,,,,
2.679,,,,,,
3.048,,,,,,
6.563,,,,,,
6.235,,,,,,
2.158,,,,,,
2.58,,,,,,
7.666,,,,,,
2.569,,,,,,
8.418,,,,,,
29.793,,,,,,
4.865,,,,,,
5.359,,,,,,
2.285,,,,,,
0.187,,,,,,
3.048,,,,,,
4.635,,,,,,
2.427,,,,,,
3.405,,,,,,
3.703,,,,,,
3.656,,,,,,
2.543,,,,,,
2.587,,,,,,
5.089,,,,,,
9.381,,,,,,
3.754,,,,,,
4.698,,,,,,
0.299,,,,,,
2.44,,,,,,
2.018,,,,,,
3.235,,,,,,
2.374,,,,,,
2.17,,,,,,
2.592,,,,,,
4.174,,,,,,
2.561,,,,,,
10.443,,,,,,
1.785,,,,,,
2.187,,,,,,
2.92,,,,,,
1.982,,,,,,
9.938,,,,,,
2.47,,,,,,
3.937,,,,,,
2.022,,,,,,
6.901,,,,,,
4.862,,,,,,
3.772,,,,,,
5.069,,,,,,
5.118,,,,,,
7.333,,,,,,
5.16,,,,,,
4.679,,,,,,
2.237,,,,,,
3.15,,,,,,
2.617,,,,,,
1.085,,,,,,
3.048,,,,,,
1.98,,,,,,
3.983,,,,,,
0.49,,,,,,
2.338,,,,,,
2.231,,,,,,
0.131,,,,,,
1.49,,,,,,
2.209,,,,,,
2.061,,,,,,
2.779,,,,,,
2.312,,,,,,
4.026,,,,,,
2.025,,,,,,
6.757,,,,,,
5.522,,,,,,
5.844,,,,,,
2.252,,,,,,
2.32,,,,,,
0.579,,,,,,
3.159,,,,,,
2.421,,,,,,
2.403,,,,,,
4.289,,,,,,
3.624,,,,,,
5.277,,,,,,
4.091,,,,,,
4.158,,,,,,
6.318,,,,,,
6.332,,,,,,
2.014,,,,,,
5.402,,,,,,
3.48,,,,,,
5.134,,,,,,
4.829,,,,,,
2.688,,,,,,
2.701,,,,,,
7.586,,,,,,
2.157,,,,,,
2.204,,,,,,
2.213,,,,,,
3.038,,,,,,
4.271,,,,,,
2.729,,,,,,
5.814,,,,,,
2.08,,,,,,
3.299,,,,,,
2.914,,,,,,
4.453,,,,,,
2.669,,,,,,
6.302,,,,,,
3.901,,,,,,
2.11,,,,,,
2.095,,,,,,
2.254,,,,,,
3.729,,,,,,
1.407,,,,,,
2.569,,,,,,
2.865,,,,,,
1.169,,,,,,
1.566,,,,,,
2.068,,,,,,
1.702,,,,,,
2.499,,,,,,
3.372,,,,,,
2.275,,,,,,
9.144,,,,,,
4.778,,,,,,
1.943,,,,,,
0.643,,,,,,
6.486,,,,,,
8.18,,,,,,
4.539,,,,,,
16.641,,,,,,
2.717,,,,,,
1.78,,,,,,
5.703,,,,,,
4.817,,,,,,
4.132,,,,,,
2.725,,,,,,
2.089,,,,,,
3.317,,,,,,
1.967,,,,,,
2.769,,,,,,
2.359,,,,,,
3.441,,,,,,
2.656,,,,,,
16.071,,,,,,
2.001,,,,,,
3.451,,,,,,
6.956,,,,,,
2.252,,,,,,
2.161,,,,,,
6.022,,,,,,
2.284,,,,,,
2.475,,,,,,
3.852,,,,,,
4.887,,,,,,
1.256,,,,,,
3.635,,,,,,
2.837,,,,,,
4.212,,,,,,
4.182,,,,,,
2.946,,,,,,
4.524,,,,,,
4.104,,,,,,
2.205,,,,,,
2.312,,,,,,
5.391,,,,,,
1.509,,,,,,
3.047,,,,,,
4.625,,,,,,
3.872,,,,,,
2.791,,,,,,
4.968,,,,,,
3.788,,,,,,
2.448,,,,,,
4.778,,,,,,
3.008,,,,,,
0.023,,,,,,
4.428,,,,,,
1.84,,,,,,
3.171,,,,,,
3.717,,,,,,
2.349,,,,,,
4.328,,,,,,
2.382,,,,,,
2.543,,,,,,
2.496,,,,,,
6.6,,,,,,
2.491,,,,,,
2.657,,,,,,
5.219,,,,,,
3.048,,,,,,
3.933,,,,,,
0.058,,,,,,
2.323,,,,,,
7.529,,,,,,
2.162,,,,,,
2.159,,,,,,
3.048,,,,,,
6.062,,,,,,
8.357,,,,,,
2.307,,,,,,
2.717,,,,,,
4.341,,,,,,
3.065,,,,,,
14.981,,,,,,
6.969,,,,,,
3.015,,,,,,
2.176,,,,,,
5.309,,,,,,
3.443,,,,,,
3.438,,,,,,
2.172,,,,,,
2.591,,,,,,
7.409,,,,,,
4.255,,,,,,
3.135,,,,,,
2.622,,,,,,
1.913,,,,,,
5.732,,,,,,
4.191,,,,,,
2.234,,,,,,
3.902,,,,,,
4.745,,,,,,
2.648,,,,,,
4.389,,,,,,
2.066,,,,,,
4.316,,,,,,
2.415,,,,,,
4.449,,,,,,
2.46,,,,,,
2.193,,,,,,
0.048,,,,,,
3.617,,,,,,
0.823,,,,,,
4.332,,,,,,
1.67,,,,,,
4.962,,,,,,
2.416,,,,,,
5.55,,,,,,
0.399,,,,,,
2.333,,,,,,
2.084,,,,,,
3.966,,,,,,
5.463,,,,,,
3.048,,,,,,
2.229,,,,,,
2.178,,,,,,
4.248,,,,,,
3.357,,,,,,
2.41,,,,,,
2.642,,,,,,
3.25,,,,,,
2.307,,,,,,
3.403,,,,,,
3.929,,,,,,
2.087,,,,,,
3.238,,,,,,
1.859,,,,,,
3.366,,,,,,
2.009,,,,,,
2.376,,,,,,
4.053,,,,,,
9.143,,,,,,
2.223,,,,,,
4.609,,,,,,
3.761,,,,,,
9.366,,,,,,
3.983,,,,,,
4.781,,,,,,
3.789,,,,,,
3.999,,,,,,
3.047,,,,,,
5.09,,,,,,
3.048,,,,,,
2.933,,,,,,
4.534,,,,,,
5.204,,,,,,
4.785,,,,,,
4.522,,,,,,
3.041,,,,,,
7.035,,,,,,
3.252,,,,,,
2.112,,,,,,
2.38,,,,,,
4.131,,,,,,
0.285,,,,,,
2.069,,,,,,
3.048,,,,,,
3.048,,,,,,
2.075,,,,,,
3.85,,,,,,
4.336,,,,,,
4.579,,,,,,
2.549,,,,,,
0.172,,,,,,
5.033,,,,,,
2.142,,,,,,
2.4,,,,,,
2.355,,,,,,
4.138,,,,,,
4.737,,,,,,
2.485,,,,,,
2.538,,,,,,
3.048,,,,,,
2.182,,,,,,
3.048,,,,,,
2.018,,,,,,
2.016,,,,,,
4.778,,,,,,
6.0,,,,,,
3.048,,,,,,
3.048,,,,,,
2.069,,,,,,
2.173,,,,,,
4.377,,,,,,
2.77,,,,,,
4.025,,,,,,
4.514,,,,,,
2.261,,,,,,
2.625,,,,,,
4.199,,,,,,
2.213,,,,,,
5.591,,,,,,
2.907,,,,,,
2.544,,,,,,
0.636,,,,,,
0.422,,,,,,
2.021,,,,,,
6.385,,,,,,
2.056,,,,,,
2.313,,,,,,
2.593,,,,,,
4.236,,,,,,
2.09,,,,,,
5.499,,,,,,
6.263,,,,,,
2.998,,,,,,
2.207,,,,,,
0.585,,,,,,
2.994,,,,,,
5.437,,,,,,
5.204,,,,,,
2.17,,,,,,
4.005,,,,,,
6.692,,,,,,
0.075,,,,,,
5.094,,,,,,
2.917,,,,,,
4.008,,,,,,
1.8,,,,,,
2.158,,,,,,
5.381,,,,,,
2.261,,,,,,
5.913,,,,,,
2.087,,,,,,
2.225,,,,,,
0.504,,,,,,
0.455,,,,,,
10.14,,,,,,
7.868,,,,,,
4.402,,,,,,
9.495,,,,,,
2.09,,,,,,
3.048,,,,,,
5.05,,,,,,
6.096,,,,,,
2.075,,,,,,
1.79,,,,,,
2.099,,,,,,
2.535,,,,,,
7.353,,,,,,
2.702,,,,,,
6.096,,,,,,
2.345,,,,,,
0.139,,,,,,
2.908,,,,,,
10.43,,,,,,
2.464,,,,,,
3.048,,,,,,
2.088,,,,,,
2.465,,,,,,
2.886,,,,,,
2.927,,,,,,
1.595,,,,,,
6.005,,,,,,
5.553,,,,,,
2.63,,,,,,
2.002,,,,,,
1.95,,,,,,
1.673,,,,,,
2.052,,,,,,
3.002,,,,,,
2.743,,,,,,
5.765,,,,,,
0.807,,,,,,
2.605,,,,,,
2.412,,,,,,
2.347,,,,,,
4.522,,,,,,
2.773,,,,,,
2.373,,,,,,
3.067,,,,,,
2.541,,,,,,
5.49,,,,,,
3.81,,,,,,
2.723,,,,,,
2.144,,,,,,
3.235,,,,,,
2.12,,,,,,
2.306,,,,,,
1.986,,,,,,
2.386,,,,,,
6.278,,,,,,
5.337,,,,,,
3.26,,,,,,
4.161,,,,,,
2.039,,,,,,
2.861,,,,,,
0.518,,,,,,
2.34,,,,,,
5.522,,,,,,
2.16,,,,,,
2.614,,,,,,
2.47,,,,,,
2.639,,,,,,
4.225,,,,,,
3.996,,,,,,
2.034,,,,,,
4.796,,,,,,
4.004,,,,,,
2.861,,,,,,
4.095,,,,,,
0.566,,,,,,
3.349,,,,,,
5.368,,,,,,
3.064,,,,,,
5.992,,,,,,
2.475,,,,,,
2.407,,,,,,
2.144,,,,,,
4.782,,,,,,
2.8,,,,,,
8.33,,,,,,
2.112,,,,,,
2.852,,,,,,
6.096,,,,,,
6.096,,,,,,
3.936,,,,,,
2.257,,,,,,
7.64,,,,,,
5.614,,,,,,
2.162,,,,,,
3.549,,,,,,
1.99,,,,,,
2.491,,,,,,
2.821,,,,,,
5.597,,,,,,
4.328,,,,,,
3.126,,,,,,
2.969,,,,,,
2.759,,,,,,
3.775,,,,,,
1.142,,,,,,
4.885,,,,,,
6.096,,,,,,
2.666,,,,,,
2.692,,,,,,
3.047,,,,,,
2.404,,,,,,
1.791,,,,,,
2.113,,,,,,
2.475,,,,,,
2.873,,,,,,
2.017,,,,,,
4.894,,,,,,
6.243,,,,,,
2.248,,,,,,
2.9,,,,,,
10.428,,,,,,
4.293,,,,,,
5.435,,,,,,
0.812,,,,,,
2.226,,,,,,
3.575,,,,,,
1.767,,,,,,
12.192,,,,,,
4.936,,,,,,
17.126,,,,,,
0.64,,,,,,
4.752,,,,,,
3.048,,,,,,
2.231,,,,,,
9.144,,,,,,
5.279,,,,,,
0.495,,,,,,
2.786,,,,,,
3.982,,,,,,
5.48,,,,,,
1.153,,,,,,
6.752,,,,,,
7.928,,,,,,
4.101,,,,,,
4.06,,,,,,
3.575,,,,,,
5.025,,,,,,
1.171,,,,,,
4.457,,,,,,
1.983,,,,,,
2.729,,,,,,
2.391,,,,,,
0.615,,,,,,
3.106,,,,,,
4.49,,,,,,
5.306,,,,,,
5.246,,,,,,
4.89,,,,,,
2.048,,,,,,
2.073,,,,,,
6.971,,,,,,
3.261,,,,,,
0.992,,,,,,
8.974,,,,,,
3.064,,,,,,
4.322,,,,,,
3.638,,,,,,
4.615,,,,,,
4.359,,,,,,
2.989,,,,,,
1.638,,,,,,
4.353,,,,,,
3.048,,,,,,
7.095,,,,,,
2.483,,,,,,
2.187,,,,,,
2.116,,,,,,
0.118,,,,,,
4.877,,,,,,
1.785,,,,,,
12.192,,,,,,
1.468,,,,,,
3.602,,,,,,
2.464,,,,,,
2.427,,,,,,
6.667,,,,,,
4.24,,,,,,
5.783,,,,,,
6.253,,,,,,
2.383,,,,,,
2.627,,,,,,
4.889,,,,,,
4.973,,,,,,
4.882,,,,,,
5.476,,,,,,
3.774,,,,,,
0.546,,,,,,
3.048,,,,,,
2.27,,,,,,
1.913,,,,,,
1.597,,,,,,
4.206,,,,,,
1.076,,,,,,
3.667,,,,,,
2.446,,,,,,
4.462,,,,,,
1.863,,,,,,
3.82,,,,,,
0.841,,,,,,
4.974,,,,,,
2.351,,,,,,
2.598,,,,,,
3.459,,,,,,
6.892,,,,,,
2.531,,,,,,
7.227,,,,,,
2.732,,,,,,
3.495,,,,,,
5.596,,,,,,
5.279,,,,,,
0.382,,,,,,
3.047,,,,,,
5.041,,,,,,
3.365,,,,,,
2.154,,,,,,
3.864,,,,,,
2.519,,,,,,
2.37,,,,,,
5.48,,,,,,
3.211,,,,,,
8.372,,,,,,
2.367,,,,,,
1.995,,,,,,
4.935,,,,,,
7.471,,,,,,
0.289,,,,,,
2.255,,,,,,
7.294,,,,,,
6.165,,,,,,
2.852,,,,,,
3.242,,,,,,
2.528,,,,,,
2.21,,,,,,
3.67,,,,,,
2.922,,,,,,
5.013,,,,,,
4.366,,,,,,
7.041,,,,,,
2.007,,,,,,
5.115,,,,,,
2.167,,,,,,
2.297,,,,,,
2.778,,,,,,
2.246,,,,,,
2.71,,,,,,
4.563,,,,,,
4.012,,,,,,
2.708,,,,,,
2.26,,,,,,
2.212,,,,,,
2.26,,,,,,
2.154,,,,,,
2.746,,,,,,
1.583,,,,,,
3.277,,,,,,
2.279,,,,,,
3.588,,,,,,
3.375,,,,,,
2.217,,,,,,
3.446,,,,,,
4.539,,,,,,
2.131,,,,,,
1.532,,,,,,
6.096,,,,,,
2.011,,,,,,
2.046,,,,,,
2.093,,,,,,
3.411,,,,,,
3.035,,,,,,
6.096,,,,,,
2.338,,,,,,
4.032,,,,,,
2.953,,,,,,
6.096,,,,,,
6.353,,,,,,
0.812,,,,,,
1.9,,,,,,
3.048,,,,,,
2.251,,,,,,
2.611,,,,,,
2.211,,,,,,
3.407,,,,,,
2.688,,,,,,
2.931,,,,,,
4.978,,,,,,
4.127,,,,,,
2.68,,,,,,
3.047,,,,,,
3.98,,,,,,
4.287,,,,,,
5.018,,,,,,
2.343,,,,,,
5.582,,,,,,
1.669,,,,,,
2.156,,,,,,
3.519,,,,,,
2.111,,,,,,
3.577,,,,,,
2.406,,,,,,
5.025,,,,,,
6.096,,,,,,
3.381,,,,,,
2.965,,,,,,
0.441,,,,,,
4.575,,,,,,
3.052,,,,,,
3.478,,,,,,
1.585,,,,,,
2.686,,,,,,
2.751,,,,,,
5.015,,,,,,
1.839,,,,,,
2.024,,,,,,
2.446,,,,,,
2.617,,,,,,
6.697,,,,,,
16.48,,,,,,
3.729,,,,,,
2.409,,,,,,
4.276,,,,,,
2.016,,,,,,
2.175,,,,,,
9.247,,,,,,
3.995,,,,,,
2.805,,,,,,
1.985,,,,,,
2.284,,,,,,
1.771,,,,,,
3.026,,,,,,
3.142,,,,,,
5.152,,,,,,
11.226,,,,,,
2.022,,,,,,
10.478,,,,,,
4.463,,,,,,
2.025,,,,,,
5.685,,,,,,
6.096,,,,,,
2.607,,,,,,
2.958,,,,,,
5.003,,,,,,
5.837,,,,,,
5.759,,,,,,
3.047,,,,,,
2.099,,,,,,
6.266,,,,,,
4.46,,,,,,
2.567,,,,,,
5.528,,,,,,
2.637,,,,,,
4.728,,,,,,
3.833,,,,,,
3.488,,,,,,
4.41,,,,,,
4.267,,,,,,
7.276,,,,,,
1.354,,,,,,
1.662,,,,,,
2.383,,,,,,
1.865,,,,,,
3.366,,,,,,
6.001,,,,,,
1.654,,,,,,
1.509,,,,,,
3.047,,,,,,
1.684,,,,,,
5.284,,,,,,
7.257,,,,,,
3.258,,,,,,
1.357,,,,,,
2.636,,,,,,
1.824,,,,,,
5.747,,,,,,
3.285,,,,,,
3.048,,,,,,
2.123,,,,,,
3.355,,,,,,
2.503,,,,,,
6.495,,,,,,
3.769,,,,,,
2.114,,,,,,
4.246,,,,,,
2.444,,,,,,
6.209,,,,,,
2.27,,,,,,
2.378,,,,,,
3.048,,,,,,
2.357,,,,,,
2.256,,,,,,
2.134,,,,,,
2.11,,,,,,
2.24,,,,,,
2.077,,,,,,
2.616,,,,,,
4.183,,,,,,
7.296,,,,,,
2.345,,,,,,
3.31,,,,,,
8.539,,,,,,
4.158,,,,,,
2.035,,,,,,
4.78,,,,,,
4.114,,,,,,
5.236,,,,,,
1.848,,,,,,
2.328,,,,,,
2.02,,,,,,
3.048,,,,,,
6.239,,,,,,
2.032,,,,,,
0.663,,,,,,
3.025,,,,,,
2.705,,,,,,
0.22,,,,,,
2.09,,,,,,
4.406,,,,,,
2.85,,,,,,
0.978,,,,,,
7.865,,,,,,
1.958,,,,,,
2.007,,,,,,
2.232,,,,,,
7.477,,,,,,
2.364,,,,,,
6.096,,,,,,
2.135,,,,,,
2.146,,,,,,
2.961,,,,,,
4.959,,,,,,
4.771,,,,,,
2.05,,,,,,
4.716,,,,,,
3.96,,,,,,
2.855,,,,,,
3.126,,,,,,
2.727,,,,,,
3.175,,,,,,
3.763,,,,,,
5.269,,,,,,
3.048,,,,,,
2.772,,,,,,
2.321,,,,,,
3.28,,,,,,
7.134,,,,,,
4.746,,,,,,
5.414,,,,,,
5.598,,,,,,
4.687,,,,,,
3.998,,,,,,
2.771,,,,,,
4.268,,,,,,
3.287,,,,,,
0.269,,,,,,
2.673,,,,,,
3.048,,,,,,
2.92,,,,,,
3.834,,,,,,
0.437,,,,,,
6.946,,,,,,
2.005,,,,,,
1.935,,,,,,
2.451,,,,,,
4.618,,,,,,
2.455,,,,,,
2.809,,,,,,
5.316,,,,,,
0.432,,,,,,
2.6,,,,,,
2.852,,,,,,
4.302,,,,,,
3.048,,,,,,
2.117,,,,,,
2.294,,,,,,
3.458,,,,,,
2.88,,,,,,
0.454,,,,,,
4.528,,,,,,
1.267,,,,,,
5.284,,,,,,
2.484,,,,,,
2.097,,,,,,
0.658,,,,,,
2.453,,,,,,
5.133,,,,,,
0.04,,,,,,
4.271,,,,,,
2.033,,,,,,
3.047,,,,,,
2.668,,,,,,
4.999,,,,,,
2.069,,,,,,
2.243,,,,,,
2.095,,,,,,
3.161,,,,,,
3.294,,,,,,
5.062,,,,,,
2.747,,,,,,
4.334,,,,,,
3.707,,,,,,
4.308,,,,,,
5.054,,,,,,
1.998,,,,,,
7.023,,,,,,
2.058,,,,,,
5.351,,,,,,
5.454,,,,,,
4.159,,,,,,
0.145,,,,,,
2.828,,,,,,
2.037,,,,,,
2.106,,,,,,
0.197,,,,,,
0.949,,,,,,
2.462,,,,,,
5.173,,,,,,
2.971,,,,,,
0.039,,,,,,
2.034,,,,,,
5.073,,,,,,
2.412,,,,,,
3.683,,,,,,
12.098,,,,,,
4.536,,,,,,
7.955,,,,,,
6.096,,,,,,
2.325,,,,,,
3.225,,,,,,
3.431,,,,,,
1.381,,,,,,
3.092,,,,,,
4.669,,,,,,
4.15,,,,,,
3.048,,,,,,
5.277,,,,,,
6.096,,,,,,
2.341,,,,,,
1.621,,,,,,
2.651,,,,,,
3.822,,,,,,
5.418,,,,,,
2.656,,,,,,
4.671,,,,,,
3.323,,,,,,
3.999,,,,,,
2.223,,,,,,
2.248,,,,,,
3.048,,,,,,
3.207,,,,,,
3.41,,,,,,
2.526,,,,,,
3.28,,,,,,
1.989,,,,,,
3.463,,,,,,
2.19,,,,,,
2.632,,,,,,
4.067,,,,,,
3.959,,,,,,
2.84,,,,,,
4.33,,,,,,
4.843,,,,,,
5.625,,,,,,
4.963,,,,,,
3.048,,,,,,
4.076,,,,,,
2.133,,,,,,
2.225,,,,,,
3.869,,,,,,
5.067,,,,,,
2.276,,,,,,
13.222,,,,,,
2.39,,,,,,
3.889,,,,,,
4.246,,,,,,
5.447,,,,,,
3.483,,,,,,
2.398,,,,,,
4.527,,,,,,
1.925,,,,,,
0.539,,,,,,
4.563,,,,,,
3.784,,,,,,
0.226,,,,,,
2.017,,,,,,
2.982,,,,,,
2.316,,,,,,
13.287,,,,,,
2.882,,,,,,
2.88,,,,,,
3.384,,,,,,
5.609,,,,,,
4.411,,,,,,
3.048,,,,,,
0.458,,,,,,
3.821,,,,,,
0.454,,,,,,
2.373,,,,,,
4.675,,,,,,
2.961,,,,,,
2.837,,,,,,
2.494,,,,,,
2.072,,,,,,
2.017,,,,,,
2.046,,,,,,
2.096,,,,,,
3.263,,,,,,
5.948,,,,,,
3.421,,,,,,
3.036,,,,,,
3.618,,,,,,
3.047,,,,,,
1.73,,,,,,
2.353,,,,,,
2.696,,,,,,
3.155,,,,,,
4.43,,,,,,
4.075,,,,,,
0.113,,,,,,
0.157,,,,,,
3.309,,,,,,
2.623,,,,,,
3.047,,,,,,
2.101,,,,,,
4.525,,,,,,
3.071,,,,,,
6.072,,,,,,
3.048,,,,,,
1.527,,,,,,
4.599,,,,,,
7.228,,,,,,
1.641,,,,,,
3.135,,,,,,
5.226,,,,,,
2.794,,,,,,
9.845,,,,,,
4.699,,,,,,
2.006,,,,,,
4.12,,,,,,
4.629,,,,,,
2.537,,,,,,
3.229,,,,,,
0.883,,,,,,
0.536,,,,,,
4.75,,,,,,
4.53,,,,,,
2.45,,,,,,
0.793,,,,,,
2.456,,,,,,
5.304,,,,,,
2.855,,,,,,
4.389,,,,,,
0.101,,,,,,
2.206,,,,,,
6.096,,,,,,
3.048,,,,,,
6.366,,,,,,
2.408,,,,,,
2.279,,,,,,
1.34,,,,,,
2.814,,,,,,
2.443,,,,,,
0.983,,,,,,
0.101,,,,,,
5.04,,,,,,
2.744,,,,,,
2.263,,,,,,
4.358,,,,,,
3.432,,,,,,
2.524,,,,,,
5.159,,,,,,
6.026,,,,,,
3.047,,,,,,
5.711,,,,,,
2.898,,,,,,
2.207,,,,,,
0.069,,,,,,
3.072,,,,,,
2.73,,,,,,
3.986,,,,,,
1.145,,,,,,
2.602,,,,,,
2.059,,,,,,
2.69,,,,,,
6.371,,,,,,
4.301,,,,,,
4.85,,,,,,
4.783,,,,,,
2.524,,,,,,
2.538,,,,,,
2.358,,,,,,
2.605,,,,,,
3.614,,,,,,
3.315,,,,,,
2.139,,,,,,
6.319,,,,,,
5.172,,,,,,
2.101,,,,,,
2.878,,,,,,
5.304,,,,,,
3.568,,,,,,
5.575,,,,,,
7.601,,,,,,
1.542,,,,,,
2.632,,,,,,
5.732,,,,,,
4.824,,,,,,
1.484,,,,,,
0.148,,,,,,
6.096,,,,,,
5.264,,,,,,
2.415,,,,,,
7.743,,,,,,
3.047,,,,,,
1.988,,,,,,
2.403,,,,,,
3.063,,,,,,
3.255,,,,,,
2.111,,,,,,
2.191,,,,,,
2.067,,,,,,
3.048,,,,,,
3.048,,,,,,
4.941,,,,,,
4.202,,,,,,
3.048,,,,,,
2.036,,,,,,
4.412,,,,,,
5.391,,,,,,
2.025,,,,,,
6.212,,,,,,
2.138,,,,,,
2.866,,,,,,
4.463,,,,,,
1.985,,,,,,
1.09,,,,,,
3.606,,,,,,
2.579,,,,,,
3.048,,,,,,
11.784,,,,,,
2.018,,,,,,
4.122,,,,,,
2.453,,,,,,
12.757,,,,,,
7.125,,,,,,
0.617,,,,,,
2.676,,,,,,
2.753,,,,,,
2.125,,,,,,
2.097,,,,,,
4.675,,,,,,
4.62,,,,,,
11.652,,,,,,
0.234,,,,,,
6.605,,,,,,
2.512,,,,,,
3.821,,,,,,
2.371,,,,,,
2.228,,,,,,
2.031,,,,,,
3.383,,,,,,
5.238,,,,,,
11.397,,,,,,
2.568,,,,,,
5.328,,,,,,
1.061,,,,,,
2.372,,,,,,
2.235,,,,,,
3.231,,,,,,
3.048,,,,,,
3.22,,,,,,
2.127,,,,,,
6.096,,,,,,
3.048,,,,,,
2.358,,,,,,
4.082,,,,,,
0.025,,,,,,
2.252,,,,,,
3.865,,,,,,
2.822,,,,,,
4.485,,,,,,
12.137,,,,,,
8.235,,,,,,
3.048,,,,,,
7.706,,,,,,
2.752,,,,,,
0.271,,,,,,
6.618,,,,,,
4.718,,,,,,
2.275,,,,,,
4.533,,,,,,
0.087,,,,,,
0.695,,,,,,
3.318,,,,,,
2.702,,,,,,
2.083,,,,,,
1.716,,,,,,
3.737,,,,,,
6.293,,,,,,
2.856,,,,,,
2.109,,,,,,
2.05,,,,,,
2.127,,,,,,
3.048,,,,,,
7.421,,,,,,
5.409,,,,,,
2.641,,,,,,
2.562,,,,,,
2.604,,,,,,
6.096,,,,,,
2.21,,,,,,
2.225,,,,,,
2.843,,,,,,
1.743,,,,,,
3.669,,,,,,
2.226,,,,,,
2.016,,,,,,
2.559,,,,,,
3.737,,,,,,
3.048,,,,,,
6.095,,,,,,
7.1,,,,,,
0.097,,,,,,
2.76,,,,,,
2.348,,,,,,
2.127,,,,,,
3.32,,,,,,
3.853,,,,,,
2.172,,,,,,
4.973,,,,,,
4.064,,,,,,
2.893,,,,,,
1.939,,,,,,
2.945,,,,,,
2.003,,,,,,
2.278,,,,,,
2.545,,,,,,
2.753,,,,,,
4.686,,,,,,
3.817,,,,,,
2.355,,,,,,
4.843,,,,,,
2.131,,,,,,
3.379,,,,,,
2.161,,,,,,
2.489,,,,,,
2.671,,,,,,
2.039,,,,,,
2.738,,,,,,
3.122,,,,,,
3.906,,,,,,
2.448,,,,,,
3.048,,,,,,
1.786,,,,,,
1.957,,,,,,
3.048,,,,,,
4.781,,,,,,
2.405,,,,,,
1.795,,,,,,
5.575,,,,,,
3.1,,,,,,
3.239,,,,,,
2.982,,,,,,
2.272,,,,,,
3.748,,,,,,
2.437,,,,,,
2.28,,,,,,
3.36,,,,,,
6.859,,,,,,
2.338,,,,,,
5.416,,,,,,
2.075,,,,,,
2.407,,,,,,
2.042,,,,,,
2.422,,,,,,
3.493,,,,,,
8.677,,,,,,
4.99,,,,,,
2.675,,,,,,
2.877,,,,,,
3.175,,,,,,
4.064,,,,,,
3.048,,,,,,
5.203,,,,,,
2.45,,,,,,
3.015,,,,,,
2.446,,,,,,
2.289,,,,,,
4.995,,,,,,
3.672,,,,,,
4.145,,,,,,
9.689,,,,,,
2.017,,,,,,
2.16,,,,,,
2.464,,,,,,
2.119,,,,,,
5.623,,,,,,
0.518,,,,,,
8.53,,,,,,
5.034,,,,,,
4.372,,,,,,
11.77,,,,,,
2.486,,,,,,
2.614,,,,,,
4.59,,,,,,
1.4,,,,,,
5.471,,,,,,
9.144,,,,,,
2.367,,,,,,
2.528,,,,,,
2.244,,,,,,
3.75,,,,,,
3.048,,,,,,
0.079,,,,,,
5.356,,,,,,
6.096,,,,,,
2.239,,,,,,
2.756,,,,,,
2.634,,,,,,
3.048,,,,,,
2.132,,,,,,
4.479,,,,,,
0.371,,,,,,
2.591,,,,,,
2.128,,,,,,
3.137,,,,,,
2.364,,,,,,
3.618,,,,,,
2.773,,,,,,
4.42,,,,,,
2.327,,,,,,
3.933,,,,,,
0.385,,,,,,
4.507,,,,,,
2.009,,,,,,
3.435,,,,,,
2.147,,,,,,
2.021,,,,,,
3.319,,,,,,
2.013,,,,,,
2.018,,,,,,
2.216,,,,,,
3.165,,,,,,
6.331,,,,,,
7.365,,,,,,
3.829,,,,,,
2.321,,,,,,
2.964,,,,,,
4.158,,,,,,
2.284,,,,,,
1.749,,,,,,
1.061,,,,,,
2.13,,,,,,
2.112,,,,,,
2.03,,,,,,
2.557,,,,,,
1.626,,,,,,
2.151,,,,,,
4.687,,,,,,
2.442,,,,,,
2.596,,,,,,
3.39,,,,,,
3.048,,,,,,
3.087,,,,,,
2.642,,,,,,
2.314,,,,,,
2.083,,,,,,
2.134,,,,,,
2.8,,,,,,
5.094,,,,,,
3.048,,,,,,
1.087,,,,,,
4.697,,,,,,
5.883,,,,,,
1.823,,,,,,
4.942,,,,,,
6.411,,,,,,
3.375,,,,,,
2.76,,,,,,
2.417,,,,,,
2.934,,,,,,
2.386,,,,,,
3.167,,,,,,
1.465,,,,,,
4.63,,,,,,
1.71,,,,,,
2.327,,,,,,
5.289,,,,,,
2.32,,,,,,
5.66,,,,,,
5.919,,,,,,
2.074,,,,,,
3.048,,,,,,
0.313,,,,,,
2.669,,,,,,
3.047,,,,,,
3.991,,,,,,
3.284,,,,,,
0.557,,,,,,
6.373,,,,,,
2.469,,,,,,
2.575,,,,,,
5.136,,,,,,
2.086,,,,,,
3.19,,,,,,
4.318,,,,,,
1.863,,,,,,
2.762,,,,,,
5.156,,,,,,
3.288,,,,,,
2.626,,,,,,
5.279,,,,,,
2.275,,,,,,
2.248,,,,,,
2.434,,,,,,
1.786,,,,,,
2.561,,,,,,
2.038,,,,,,
2.017,,,,,,
0.907,,,,,,
4.529,,,,,,
2.302,,,,,,
2.284,,,,,,
2.488,,,,,,
2.461,,,,,,
3.223,,,,,,
5.276,,,,,,
4.427,,,,,,
2.109,,,,,,
2.535,,,,,,
3.134,,,,,,
8.081,,,,,,
5.661,,,,,,
2.025,,,,,,
2.031,,,,,,
3.267,,,,,,
2.181,,,,,,
2.822,,,,,,
2.817,,,,,,
3.319,,,,,,
11.725,,,,,,
3.048,,,,,,
2.176,,,,,,
0.771,,,,,,
2.157,,,,,,
2.596,,,,,,
3.125,,,,,,
2.455,,,,,,
3.894,,,,,,
8.008,,,,,,
2.102,,,,,,
2.683,,,,,,
2.201,,,,,,
0.364,,,,,,
2.376,,,,,,
4.263,,,,,,
4.88,,,,,,
2.867,,,,,,
3.048,,,,,,
2.255,,,,,,
2.078,,,,,,
4.836,,,,,,
2.149,,,,,,
2.912,,,,,,
3.009,,,,,,
1.99,,,,,,
2.202,,,,,,
4.9,,,,,,
3.267,,,,,,
2.184,,,,,,
3.048,,,,,,
2.172,,,,,,
2.591,,,,,,
3.048,,,,,,
2.03,,,,,,
2.029,,,,,,
0.066,,,,,,
3.048,,,,,,
1.651,,,,,,
2.302,,,,,,
2.425,,,,,,
2.375,,,,,,
4.466,,,,,,
3.048,,,,,,
2.435,,,,,,
3.048,,,,,,
5.875,,,,,,
2.813,,,,,,
3.111,,,,,,
3.386,,,,,,
1.869,,,,,,
2.709,,,,,,
2.832,,,,,,
4.38,,,,,,
3.187,,,,,,
2.308,,,,,,
3.248,,,,,,
5.34,,,,,,
6.096,,,,,,
6.018,,,,,,
1.856,,,,,,
2.006,,,,,,
0.425,,,,,,
2.21,,,,,,
0.312,,,,,,
0.455,,,,,,
2.265,,,,,,
2.261,,,,,,
2.329,,,,,,
2.093,,,,,,
12.613,,,,,,
2.621,,,,,,
4.613,,,,,,
3.047,,,,,,
4.938,,,,,,
0.365,,,,,,
2.951,,,,,,
2.56,,,,,,
2.253,,,,,,
6.148,,,,,,
2.199,,,,,,
6.013,,,,,,
2.084,,,,,,
6.203,,,,,,
3.048,,,,,,
2.253,,,,,,
0.004,,,,,,
2.102,,,,,,
2.508,,,,,,
2.354,,,,,,
4.778,,,,,,
1.808,,,,,,
2.285,,,,,,
4.119,,,,,,
1.823,,,,,,
5.631,,,,,,
3.243,,,,,,
3.048,,,,,,
2.852,,,,,,
2.746,,,,,,
3.64,,,,,,
3.048,,,,,,
3.048,,,,,,
1.618,,,,,,
6.27,,,,,,
2.813,,,,,,
2.79,,,,,,
2.367,,,,,,
7.922,,,,,,
2.544,,,,,,
5.802,,,,,,
0.143,,,,,,
6.243,,,,,,
4.954,,,,,,
0.657,,,,,,
2.265,,,,,,
0.08,,,,,,
2.312,,,,,,
4.017,,,,,,
4.241,,,,,,
2.023,,,,,,
2.783,,,,,,
5.569,,,,,,
2.254,,,,,,
2.09,,,,,,
4.825,,,,,,
2.653,,,,,,
3.506,,,,,,
4.029,,,,,,
2.121,,,,,,
2.396,,,,,,
3.997,,,,,,
2.226,,,,,,
4.027,,,,,,
3.047,,,,,,
2.495,,,,,,
3.772,,,,,,
4.531,,,,,,
1.869,,,,,,
4.464,,,,,,
2.123,,,,,,
5.13,,,,,,
4.857,,,,,,
0.223,,,,,,
5.984,,,,,,
2.123,,,,,,
2.735,,,,,,
4.95,,,,,,
1.991,,,,,,
2.438,,,,,,
0.839,,,,,,
2.115,,,,,,
0.693,,,,,,
4.348,,,,,,
2.672,,,,,,
2.881,,,,,,
2.208,,,,,,
2.313,,,,,,
2.358,,,,,,
2.479,,,,,,
2.754,,,,,,
4.443,,,,,,
0.629,,,,,,
2.654,,,,,,
4.279,,,,,,
0.428,,,,,,
2.257,,,,,,
12.348,,,,,,
4.148,,,,,,
2.001,,,,,,
1.709,,,,,,
2.009,,,,,,
6.019,,,,,,
9.143,,,,,,
4.184,,,,,,
3.901,,,,,,
2.191,,,,,,
4.365,,,,,,
4.878,,,,,,
3.274,,,,,,
7.971,,,,,,
2.392,,,,,,
1.262,,,,,,
0.979,,,,,,
2.347,,,,,,
2.339,,,,,,
2.623,,,,,,
6.316,,,,,,
4.917,,,,,,
3.063,,,,,,
2.258,,,,,,
1.89,,,,,,
5.47,,,,,,
2.305,,,,,,
7.246,,,,,,
2.088,,,,,,
3.184,,,,,,
2.586,,,,,,
0.101,,,,,,
2.337,,,,,,
6.33,,,,,,
0.874,,,,,,
3.87,,,,,,
7.446,,,,,,
3.319,,,,,,
2.936,,,,,,
2.823,,,,,,
1.419,,,,,,
5.633,,,,,,
3.328,,,,,,
5.345,,,,,,
2.781,,,,,,
4.24,,,,,,
2.31,,,,,,
2.382,,,,,,
3.298,,,,,,
2.435,,,,,,
5.458,,,,,,
3.002,,,,,,
2.62,,,,,,
2.112,,,,,,
3.048,,,,,,
6.169,,,,,,
2.482,,,,,,
2.099,,,,,,
3.048,,,,,,
2.152,,,,,,
6.977,,,,,,
14.208,,,,,,
3.923,,,,,,
6.761,,,,,,
2.133,,,,,,
2.619,,,,,,
0.165,,,,,,
6.127,,,,,,
4.712,,,,,,
4.077,,,,,,
4.079,,,,,,
0.112,,,,,,
4.836,,,,,,
4.649,,,,,,
0.692,,,,,,
5.8,,,,,,
4.505,,,,,,
2.162,,,,,,
0.758,,,,,,
3.626,,,,,,
2.615,,,,,,
2.538,,,,,,
2.184,,,,,,
1.393,,,,,,
2.113,,,,,,
3.048,,,,,,
3.081,,,,,,
2.861,,,,,,
4.324,,,,,,
3.048,,,,,,
2.852,,,,,,
3.255,,,,,,
4.927,,,,,,
2.481,,,,,,
2.338,,,,,,
4.768,,,,,,
0.131,,,,,,
3.54,,,,,,
2.187,,,,,,
6.096,,,,,,
3.26,,,,,,
3.048,,,,,,
1.904,,,,,,
3.892,,,,,,
5.96,,,,,,
4.594,,,,,,
4.969,,,,,,
4.804,,,,,,
4.799,,,,,,
4.303,,,,,,
2.564,,,,,,
1.408,,,,,,
2.242,,,,,,
2.778,,,,,,
4.467,,,,,,
2.125,,,,,,
2.532,,,,,,
1.967,,,,,,
2.874,,,,,,
4.318,,,,,,
3.157,,,,,,
5.34,,,,,,
3.021,,,,,,
2.048,,,,,,
4.682,,,,,,
2.559,,,,,,
0.16,,,,,,
4.494,,,,,,
2.4,,,,,,
2.161,,,,,,
2.202,,,,,,
2.832,,,,,,
4.932,,,,,,
3.439,,,,,,
0.601,,,,,,
3.363,,,,,,
2.374,,,,,,
4.962,,,,,,
5.439,,,,,,
1.944,,,,,,
2.749,,,,,,
3.304,,,,,,
2.074,,,,,,
2.686,,,,,,
2.47,,,,,,
0.676,,,,,,
2.456,,,,,,
5.171,,,,,,
5.157,,,,,,
3.294,,,,,,
5.371,,,,,,
2.943,,,,,,
2.172,,,,,,
0.385,,,,,,
2.595,,,,,,
6.239,,,,,,
4.085,,,,,,
2.514,,,,,,
3.523,,,,,,
3.048,,,,,,
5.563,,,,,,
2.207,,,,,,
3.302,,,,,,
3.035,,,,,,
3.129,,,,,,
0.453,,,,,,
5.691,,,,,,
5.79,,,,,,
2.01,,,,,,
6.95,,,,,,
0.515,,,,,,
2.074,,,,,,
2.252,,,,,,
4.375,,,,,,
5.03,,,,,,
3.777,,,,,,
4.896,,,,,,
2.403,,,,,,
4.576,,,,,,
2.471,,,,,,
2.261,,,,,,
2.57,,,,,,
3.24,,,,,,
4.835,,,,,,
2.868,,,,,,
2.461,,,,,,
4.722,,,,,,
1.136,,,,,,
3.612,,,,,,
2.86,,,,,,
2.212,,,,,,
2.271,,,,,,
2.434,,,,,,
4.567,,,,,,
2.799,,,,,,
4.984,,,,,,
5.791,,,,,,
2.211,,,,,,
3.082,,,,,,
3.048,,,,,,
3.048,,,,,,
15.205,,,,,,
2.384,,,,,,
2.883,,,,,,
2.409,,,,,,
4.052,,,,,,
2.043,,,,,,
3.048,,,,,,
2.24,,,,,,
6.109,,,,,,
2.017,,,,,,
3.064,,,,,,
2.701,,,,,,
5.148,,,,,,
2.664,,,,,,
6.079,,,,,,
1.125,,,,,,
2.04,,,,,,
2.694,,,,,,
3.048,,,,,,
4.337,,,,,,
3.785,,,,,,
2.338,,,,,,
2.281,,,,,,
4.419,,,,,,
3.45,,,,,,
3.723,,,,,,
1.46,,,,,,
2.862,,,,,,
4.892,,,,,,
3.177,,,,,,
5.252,,,,,,
2.23,,,,,,
2.163,,,,,,
2.211,,,,,,
0.184,,,,,,
2.467,,,,,,
2.498,,,,,,
2.125,,,,,,
5.743,,,,,,
5.466,,,,,,
3.277,,,,,,
2.263,,,,,,
4.629,,,,,,
1.913,,,,,,
3.946,,,,,,
3.049,,,,,,
4.681,,,,,,
2.635,,,,,,
6.871,,,,,,
4.098,,,,,,
0.339,,,,,,
2.626,,,,,,
5.044,,,,,,
0.167,,,,,,
3.047,,,,,,
0.025,,,,,,
3.148,,,,,,
0.748,,,,,,
2.149,,,,,,
5.445,,,,,,
3.359,,,,,,
2.358,,,,,,
10.278,,,,,,
3.037,,,,,,
5.551,,,,,,
5.149,,,,,,
2.939,,,,,,
3.702,,,,,,
3.048,,,,,,
2.5,,,,,,
3.558,,,,,,
2.633,,,,,,
1.998,,,,,,
2.233,,,,,,
4.602,,,,,,
12.536,,,,,,
5.593,,,,,,
5.264,,,,,,
4.328,,,,,,
5.242,,,,,,
0.313,,,,,,
9.033,,,,,,
2.1,,,,,,
2.693,,,,,,
2.716,,,,,,
3.044,,,,,,
6.909,,,,,,
6.106,,,,,,
9.799,,,,,,
5.164,,,,,,
4.842,,,,,,
2.8,,,,,,
4.886,,,,,,
3.178,,,,,,
2.346,,,,,,
2.378,,,,,,
2.273,,,,,,
3.134,,,,,,
2.583,,,,,,
3.598,,,,,,
2.497,,,,,,
2.953,,,,,,
2.065,,,,,,
3.677,,,,,,
1.781,,,,,,
6.728,,,,,,
4.411,,,,,,
2.229,,,,,,
2.231,,,,,,
2.154,,,,,,
4.963,,,,,,
2.364,,,,,,
3.98,,,,,,
3.58,,,,,,
5.683,,,,,,
0.952,,,,,,
1.887,,,,,,
2.389,,,,,,
3.048,,,,,,
5.707,,,,,,
2.997,,,,,,
2.12,,,,,,
5.446,,,,,,
6.449,,,,,,
2.777,,,,,,
8.191,,,,,,
2.669,,,,,,
4.619,,,,,,
2.546,,,,,,
2.186,,,,,,
4.639,,,,,,
4.592,,,,,,
3.048,,,,,,
2.934,,,,,,
6.884,,,,,,
3.048,,,,,,
2.444,,,,,,
2.845,,,,,,
2.547,,,,,,
6.357,,,,,,
4.546,,,,,,
7.151,,,,,,
5.545,,,,,,
4.565,,,,,,
2.063,,,,,,
4.512,,,,,,
5.709,,,,,,
2.714,,,,,,
1.57,,,,,,
4.423,,,,,,
2.692,,,,,,
4.684,,,,,,
4.459,,,,,,
3.25,,,,,,
0.085,,,,,,
6.702,,,,,,
2.23,,,,,,
4.842,,,,,,
0.712,,,,,,
2.086,,,,,,
2.678,,,,,,
7.616,,,,,,
1.328,,,,,,
3.081,,,,,,
3.167,,,,,,
4.801,,,,,,
2.773,,,,,,
2.508,,,,,,
5.55,,,,,,
0.435,,,,,,
2.984,,,,,,
7.036,,,,,,
1.857,,,,,,
3.424,,,,,,
7.279,,,,,,
5.383,,,,,,
4.099,,,,,,
5.044,,,,,,
2.836,,,,,,
4.502,,,,,,
4.635,,,,,,
2.318,,,,,,
2.403,,,,,,
2.121,,,,,,
3.31,,,,,,
1.836,,,,,,
2.992,,,,,,
2.928,,,,,,
0.513,,,,,,
11.371,,,,,,
4.953,,,,,,
3.103,,,,,,
3.9,,,,,,
2.737,,,,,,
2.261,,,,,,
0.02,,,,,,
2.951,,,,,,
2.139,,,,,,
2.015,,,,,,
1.953,,,,,,
3.178,,,,,,
2.587,,,,,,
0.991,,,,,,
3.865,,,,,,
4.69,,,,,,
2.772,,,,,,
3.047,,,,,,
3.048,,,,,,
3.048,,,,,,
2.482,,,,,,
0.026,,,,,,
2.299,,,,,,
2.467,,,,,,
2.404,,,,,,
3.048,,,,,,
9.666,,,,,,
1.106,,,,,,
2.288,,,,,,
2.525,,,,,,
4.033,,,,,,
2.062,,,,,,
1.993,,,,,,
3.104,,,,,,
8.034,,,,,,
3.048,,,,,,
2.831,,,,,,
5.073,,,,,,
4.949,,,,,,
0.378,,,,,,
2.057,,,,,,
2.357,,,,,,
3.01,,,,,,
2.568,,,,,,
6.216,,,,,,
2.157,,,,,,
3.047,,,,,,
9.293,,,,,,
1.983,,,,,,
1.107,,,,,,
3.855,,,,,,
2.852,,,,,,
7.306,,,,,,
5.037,,,,,,
3.367,,,,,,
2.308,,,,,,
2.555,,,,,,
2.255,,,,,,
4.511,,,,,,
3.591,,,,,,
2.155,,,,,,
4.822,,,,,,
3.068,,,,,,
0.19,,,,,,
3.074,,,,,,
4.804,,,,,,
4.793,,,,,,
0.236,,,,,,
5.552,,,,,,
2.23,,,,,,
3.865,,,,,,
8.304,,,,,,
2.787,,,,,,
1.36,,,,,,
9.699,,,,,,
3.968,,,,,,
2.429,,,,,,
3.635,,,,,,
5.508,,,,,,
4.11,,,,,,
2.585,,,,,,
3.682,,,,,,
1.059,,,,,,
5.707,,,,,,
2.089,,,,,,
2.017,,,,,,
2.356,,,,,,
0.69,,,,,,
3.747,,,,,,
2.272,,,,,,
0.367,,,,,,
5.293,,,,,,
0.506,,,,,,
1.983,,,,,,
2.448,,,,,,
3.966,,,,,,
6.515,,,,,,
2.348,,,,,,
2.547,,,,,,
2.967,,,,,,
2.129,,,,,,
2.733,,,,,,
2.601,,,,,,
4.584,,,,,,
2.4,,,,,,
9.446,,,,,,
6.096,,,,,,
2.224,,,,,,
5.656,,,,,,
2.605,,,,,,
4.436,,,,,,
4.436,,,,,,
1.701,,,,,,
2.994,,,,,,
2.754,,,,,,
2.483,,,,,,
2.261,,,,,,
2.574,,,,,,
3.6,,,,,,
2.445,,,,,,
5.502,,,,,,
3.668,,,,,,
5.475,,,,,,
4.17,,,,,,
3.144,,,,,,
2.371,,,,,,
3.088,,,,,,
3.42,,,,,,
2.794,,,,,,
2.445,,,,,,
2.21,,,,,,
3.075,,,,,,
3.865,,,,,,
1.055,,,,,,
4.634,,,,,,
2.908,,,,,,
2.54,,,,,,
2.291,,,,,,
5.719,,,,,,
4.725,,,,,,
4.787,,,,,,
4.675,,,,,,
3.004,,,,,,
2.203,,,,,,
4.266,,,,,,
3.113,,,,,,
0.418,,,,,,
0.525,,,,,,
3.112,,,,,,
5.831,,,,,,
3.128,,,,,,
2.565,,,,,,
2.264,,,,,,
0.175,,,,,,
6.211,,,,,,
1.296,,,,,,
2.763,,,,,,
6.466,,,,,,
5.177,,,,,,
2.453,,,,,,
4.556,,,,,,
0.133,,,,,,
2.947,,,,,,
2.069,,,,,,
3.512,,,,,,
2.537,,,,,,
0.87,,,,,,
2.874,,,,,,
3.066,,,,,,
5.7,,,,,,
3.408,,,,,,
3.559,,,,,,
2.687,,,,,,
2.028,,,,,,
5.141,,,,,,
3.047,,,,,,
2.59,,,,,,
4.701,,,,,,
0.121,,,,,,
5.149,,,,,,
2.422,,,,,,
2.029,,,,,,
3.048,,,,,,
2.155,,,,,,
2.113,,,,,,
2.098,,,,,,
3.034,,,,,,
5.8,,,,,,
5.428,,,,,,
3.058,,,,,,
2.29,,,,,,
7.661,,,,,,
4.63,,,,,,
5.075,,,,,,
5.512,,,,,,
3.659,,,,,,
2.947,,,,,,
3.759,,,,,,
2.007,,,,,,
5.059,,,,,,
2.446,,,,,,
2.566,,,,,,
2.103,,,,,,
2.537,,,,,,
5.035,,,,,,
3.162,,,,,,
2.872,,,,,,
2.048,,,,,,
0.709,,,,,,
2.071,,,,,,
0.498,,,,,,
4.952,,,,,,
4.77,,,,,,
2.065,,,,,,
3.81,,,,,,
4.449,,,,,,
4.781,,,,,,
7.132,,,,,,
2.499,,,,,,
5.03,,,,,,
2.125,,,,,,
4.927,,,,,,
2.535,,,,,,
2.785,,,,,,
2.266,,,,,,
7.11,,,,,,
2.658,,,,,,
2.537,,,,,,
0.562,,,,,,
3.94,,,,,,
3.788,,,,,,
2.638,,,,,,
1.984,,,,,,
2.145,,,,,,
0.317,,,,,,
3.35,,,,,,
2.927,,,,,,
5.329,,,,,,
5.785,,,,,,
2.122,,,,,,
2.471,,,,,,
3.048,,,,,,
2.611,,,,,,
1.61,,,,,,
2.561,,,,,,
2.733,,,,,,
3.153,,,,,,
2.741,,,,,,
12.823,,,,,,
3.802,,,,,,
2.111,,,,,,
7.513,,,,,,
2.817,,,,,,
5.478,,,,,,
7.499,,,,,,
3.955,,,,,,
2.527,,,,,,
3.624,,,,,,
3.535,,,,,,
7.906,,,,,,
7.321,,,,,,
2.368,,,,,,
0.614,,,,,,
0.011,,,,,,
4.981,,,,,,
5.961,,,,,,
3.221,,,,,,
1.634,,,,,,
5.16,,,,,,
1.843,,,,,,
7.168,,,,,,
2.951,,,,,,
2.557,,,,,,
2.801,,,,,,
3.048,,,,,,
1.775,,,,,,
4.761,,,,,,
2.939,,,,,,
4.483,,,,,,
3.048,,,,,,
3.029,,,,,,
2.52,,,,,,
4.807,,,,,,
2.638,,,,,,
5.056,,,,,,
6.294,,,,,,
4.247,,,,,,
0.102,,,,,,
3.06,,,,,,
2.809,,,,,,
1.008,,,,,,
4.919,,,,,,
6.078,,,,,,
2.709,,,,,,
5.481,,,,,,
5.041,,,,,,
6.959,,,,,,
1.373,,,,,,
2.531,,,,,,
0.417,,,,,,
4.951,,,,,,
4.515,,,,,,
2.332,,,,,,
2.546,,,,,,
4.175,,,,,,
4.93,,,,,,
5.104,,,,,,
2.746,,,,,,
6.661,,,,,,
3.038,,,,,,
2.088,,,,,,
2.984,,,,,,
4.38,,,,,,
2.776,,,,,,
2.82,,,,,,
1.259,,,,,,
6.572,,,,,,
0.238,,,,,,
3.063,,,,,,
2.008,,,,,,
2.734,,,,,,
5.38,,,,,,
4.422,,,,,,
5.371,,,,,,
1.673,,,,,,
4.052,,,,,,
5.503,,,,,,
4.784,,,,,,
2.859,,,,,,
4.786,,,,,,
3.048,,,,,,
3.237,,,,,,
4.787,,,,,,
2.133,,,,,,
3.902,,,,,,
3.546,,,,,,
0.073,,,,,,
2.193,,,,,,
2.379,,,,,,
2.388,,,,,,
2.537,,,,,,
4.999,,,,,,
2.032,,,,,,
2.648,,,,,,
3.359,,,,,,
5.259,,,,,,
3.437,,,,,,
3.847,,,,,,
2.985,,,,,,
2.836,,,,,,
4.749,,,,,,
5.054,,,,,,
2.258,,,,,,
5.69,,,,,,
2.041,,,,,,
2.284,,,,,,
3.033,,,,,,
2.173,,,,,,
2.846,,,,,,
2.134,,,,,,
3.013,,,,,,
2.22,,,,,,
2.627,,,,,,
2.926,,,,,,
2.092,,,,,,
2.437,,,,,,
3.012,,,,,,
3.372,,,,,,
4.314,,,,,,
4.953,,,,,,
2.078,,,,,,
6.284,,,,,,
6.311,,,,,,
4.926,,,,,,
6.243,,,,,,
5.407,,,,,,
5.118,,,,,,
2.322,,,,,,
4.313,,,,,,
2.716,,,,,,
3.048,,,,,,
2.758,,,,,,
6.096,,,,,,
5.068,,,,,,
0.405,,,,,,
0.372,,,,,,
4.506,,,,,,
0.403,,,,,,
5.067,,,,,,
4.248,,,,,,
4.294,,,,,,
6.917,,,,,,
3.048,,,,,,
5.205,,,,,,
2.006,,,,,,
2.157,,,,,,
2.99,,,,,,
0.627,,,,,,
6.228,,,,,,
2.685,,,,,,
4.57,,,,,,
2.507,,,,,,
7.791,,,,,,
1.985,,,,,,
2.559,,,,,,
4.407,,,,,,
4.508,,,,,,
3.048,,,,,,
2.264,,,,,,
2.294,,,,,,
0.002,,,,,,
2.239,,,,,,
2.46,,,,,,
4.409,,,,,,
0.095,,,,,,
1.588,,,,,,
2.27,,,,,,
2.508,,,,,,
4.111,,,,,,
2.589,,,,,,
2.26,,,,,,
2.5,,,,,,
5.095,,,,,,
2.894,,,,,,
2.343,,,,,,
1.415,,,,,,
3.048,,,,,,
2.036,,,,,,
2.32,,,,,,
5.635,,,,,,
0.857,,,,,,
4.189,,,,,,
3.389,,,,,,
4.954,,,,,,
4.756,,,,,,
6.357,,,,,,
1.983,,,,,,
2.38,,,,,,
3.076,,,,,,
2.613,,,,,,
5.781,,,,,,
7.728,,,,,,
2.786,,,,,,
2.671,,,,,,
5.821,,,,,,
1.257,,,,,,
3.851,,,,,,
2.899,,,,,,
4.358,,,,,,
2.477,,,,,,
7.208,,,,,,
2.917,,,,,,
3.451,,,,,,
10.107,,,,,,
5.224,,,,,,
2.684,,,,,,
2.765,,,,,,
3.109,,,,,,
1.972,,,,,,
2.973,,,,,,
3.196,,,,,,
3.491,,,,,,
4.706,,,,,,
6.096,,,,,,
2.667,,,,,,
2.129,,,,,,
1.709,,,,,,
5.11,,,,,,
4.386,,,,,,
1.993,,,,,,
2.354,,,,,,
2.191,,,,,,
2.003,,,,,,
2.436,,,,,,
1.663,,,,,,
4.328,,,,,,
3.454,,,,,,
2.956,,,,,,
2.318,,,,,,
2.103,,,,,,
1.988,,,,,,
2.355,,,,,,
2.512,,,,,,
1.496,,,,,,
3.048,,,,,,
1.721,,,,,,
2.806,,,,,,
2.816,,,,,,
4.345,,,,,,
2.105,,,,,,
6.835,,,,,,
3.919,,,,,,
3.693,,,,,,
6.838,,,,,,
5.55,,,,,,
5.869,,,,,,
4.741,,,,,,
2.782,,,,,,
2.925,,,,,,
4.408,,,,,,
2.212,,,,,,
2.272,,,,,,
4.605,,,,,,
3.039,,,,,,
2.329,,,,,,
1.898,,,,,,
2.204,,,,,,
0.816,,,,,,
2.231,,,,,,
4.391,,,,,,
2.284,,,,,,
2.338,,,,,,
2.205,,,,,,
1.991,,,,,,
0.765,,,,,,
3.048,,,,,,
2.353,,,,,,
2.736,,,,,,
2.081,,,,,,
2.605,,,,,,
3.742,,,,,,
7.354,,,,,,
2.292,,,,,,
3.13,,,,,,
3.67,,,,,,
4.265,,,,,,
4.78,,,,,,
2.939,,,,,,
3.842,,,,,,
2.754,,,,,,
5.223,,,,,,
3.048,,,,,,
4.816,,,,,,
2.936,,,,,,
0.369,,,,,,
2.739,,,,,,
4.364,,,,,,
4.801,,,,,,
2.522,,,,,,
2.069,,,,,,
5.306,,,,,,
2.423,,,,,,
5.27,,,,,,
2.069,,,,,,
2.425,,,,,,
8.216,,,,,,
5.409,,,,,,
5.244,,,,,,
4.514,,,,,,
5.585,,,,,,
5.388,,,,,,
1.965,,,,,,
2.952,,,,,,
3.976,,,,,,
2.374,,,,,,
4.258,,,,,,
2.702,,,,,,
2.104,,,,,,
3.522,,,,,,
2.155,,,,,,
2.121,,,,,,
3.048,,,,,,
3.093,,,,,,
3.71,,,,,,
2.775,,,,,,
2.754,,,,,,
2.895,,,,,,
2.273,,,,,,
2.184,,,,,,
1.998,,,,,,
3.214,,,,,,
4.438,,,,,,
2.076,,,,,,
3.713,,,,,,
1.174,,,,,,
4.601,,,,,,
4.594,,,,,,
2.703,,,,,,
0.621,,,,,,
4.433,,,,,,
5.578,,,,,,
2.707,,,,,,
2.129,,,,,,
2.935,,,,,,
5.106,,,,,,
1.305,,,,,,
4.236,,,,,,
4.003,,,,,,
1.057,,,,,,
5.909,,,,,,
2.864,,,,,,
2.21,,,,,,
5.705,,,,,,
3.876,,,,,,
2.188,,,,,,
3.048,,,,,,
3.048,,,,,,
2.274,,,,,,
2.335,,,,,,
3.642,,,,,,
2.181,,,,,,
3.133,,,,,,
6.869,,,,,,
5.855,,,,,,
4.051,,,,,,
3.048,,,,,,
2.479,,,,,,
2.596,,,,,,
1.971,,,,,,
0.336,,,,,,
4.238,,,,,,
2.951,,,,,,
2.614,,,,,,
3.047,,,,,,
4.62,,,,,,
2.335,,,,,,
2.531,,,,,,
0.682,,,,,,
3.231,,,,,,
1.886,,,,,,
3.249,,,,,,
7.938,,,,,,
2.093,,,,,,
3.393,,,,,,
2.73,,,,,,
6.087,,,,,,
2.038,,,,,,
4.33,,,,,,
3.456,,,,,,
2.631,,,,,,
2.475,,,,,,
3.07,,,,,,
7.913,,,,,,
2.663,,,,,,
2.302,,,,,,
2.552,,,,,,
2.312,,,,,,
0.873,,,,,,
4.304,,,,,,
3.048,,,,,,
2.528,,,,,,
3.127,,,,,,
3.309,,,,,,
2.016,,,,,,
3.369,,,,,,
4.353,,,,,,
2.249,,,,,,
10.791,,,,,,
5.358,,,,,,
0.1,,,,,,
0.404,,,,,,
4.55,,,,,,
3.008,,,,,,
1.015,,,,,,
3.735,,,,,,
16.738,,,,,,
2.809,,,,,,
3.653,,,,,,
4.347,,,,,,
2.566,,,,,,
1.392,,,,,,
9.95,,,,,,
2.636,,,,,,
4.024,,,,,,
6.096,,,,,,
2.839,,,,,,
1.082,,,,,,
4.891,,,,,,
2.057,,,,,,
2.371,,,,,,
2.564,,,,,,
5.061,,,,,,
2.507,,,,,,
1.748,,,,,,
4.846,,,,,,
3.263,,,,,,
7.219,,,,,,
2.614,,,,,,
2.305,,,,,,
3.355,,,,,,
3.031,,,,,,
4.759,,,,,,
2.932,,,,,,
1.913,,,,,,
2.283,,,,,,
2.071,,,,,,
5.433,,,,,,
3.877,,,,,,
3.162,,,,,,
2.142,,,,,,
1.889,,,,,,
7.15,,,,,,
2.861,,,,,,
2.982,,,,,,
2.897,,,,,,
5.178,,,,,,
2.58,,,,,,
0.78,,,,,,
2.8,,,,,,
6.096,,,,,,
4.14,,,,,,
2.668,,,,,,
2.073,,,,,,
4.206,,,,,,
3.74,,,,,,
0.04,,,,,,
4.849,,,,,,
4.386,,,,,,
2.655,,,,,,
5.658,,,,,,
3.964,,,,,,
4.074,,,,,,
4.454,,,,,,
2.224,,,,,,
2.359,,,,,,
4.448,,,,,,
0.456,,,,,,
5.236,,,,,,
1.548,,,,,,
5.771,,,,,,
2.169,,,,,,
7.809,,,,,,
2.251,,,,,,
6.473,,,,,,
5.326,,,,,,
5.422,,,,,,
6.854,,,,,,
2.19,,,,,,
5.358,,,,,,
1.413,,,,,,
2.276,,,,,,
2.196,,,,,,
4.952,,,,,,
0.548,,,,,,
2.419,,,,,,
4.682,,,,,,
4.76,,,,,,
0.086,,,,,,
3.814,,,,,,
6.096,,,,,,
7.175,,,,,,
2.248,,,,,,
5.6,,,,,,
1.706,,,,,,
4.432,,,,,,
3.048,,,,,,
2.378,,,,,,
2.549,,,,,,
0.495,,,,,,
3.048,,,,,,
2.424,,,,,,
2.67,,,,,,
3.048,,,,,,
5.479,,,,,,
5.461,,,,,,
2.285,,,,,,
5.076,,,,,,
6.223,,,,,,
4.069,,,,,,
2.382,,,,,,
4.975,,,,,,
3.783,,,,,,
5.617,,,,,,
2.674,,,,,,
3.255,,,,,,
9.939,,,,,,
0.053,,,,,,
2.486,,,,,,
5.343,,,,,,
2.04,,,,,,
5.522,,,,,,
2.305,,,,,,
1.75,,,,,,
4.686,,,,,,
0.575,,,,,,
4.288,,,,,,
2.915,,,,,,
1.712,,,,,,
2.899,,,,,,
2.728,,,,,,
4.119,,,,,,
2.725,,,,,,
2.3,,,,,,
4.794,,,,,,
4.061,,,,,,
4.154,,,,,,
3.048,,,,,,
1.759,,,,,,
5.74,,,,,,
7.554,,,,,,
5.563,,,,,,
4.851,,,,,,
3.057,,,,,,
0.062,,,,,,
4.278,,,,,,
7.09,,,,,,
2.308,,,,,,
3.261,,,,,,
10.794,,,,,,
5.636,,,,,,
2.09,,,,,,
2.37,,,,,,
2.204,,,,,,
3.344,,,,,,
5.755,,,,,,
1.656,,,,,,
3.048,,,,,,
7.487,,,,,,
5.367,,,,,,
4.984,,,,,,
2.093,,,,,,
2.364,,,,,,
2.176,,,,,,
4.691,,,,,,
4.392,,,,,,
0.086,,,,,,
4.985,,,,,,
1.999,,,,,,
3.048,,,,,,
6.095,,,,,,
7.454,,,,,,
3.048,,,,,,
0.228,,,,,,
5.096,,,,,,
2.055,,,,,,
4.498,,,,,,
11.041,,,,,,
0.174,,,,,,
5.475,,,,,,
2.498,,,,,,
0.317,,,,,,
5.325,,,,,,
4.582,,,,,,
1.624,,,,,,
6.984,,,,,,
8.647,,,,,,
6.097,,,,,,
2.103,,,,,,
3.663,,,,,,
0.104,,,,,,
10.057,,,,,,
2.23,,,,,,
7.669,,,,,,
2.001,,,,,,
2.65,,,,,,
2.937,,,,,,
2.333,,,,,,
2.902,,,,,,
0.861,,,,,,
2.197,,,,,,
7.837,,,,,,
0.851,,,,,,
4.214,,,,,,
3.048,,,,,,
4.85,,,,,,
2.971,,,,,,
2.677,,,,,,
2.877,,,,,,
3.042,,,,,,
3.048,,,,,,
2.134,,,,,,
2.44,,,,,,
12.825,,,,,,
5.149,,,,,,
9.484,,,,,,
1.666,,,,,,
6.096,,,,,,
5.675,,,,,,
4.901,,,,,,
2.19,,,,,,
4.823,,,,,,
5.743,,,,,,
4.564,,,,,,
2.553,,,,,,
3.546,,,,,,
3.207,,,,,,
2.654,,,,,,
2.696,,,,,,
4.39,,,,,,
2.479,,,,,,
2.523,,,,,,
4.763,,,,,,
2.044,,,,,,
2.026,,,,,,
6.012,,,,,,
3.771,,,,,,
0.47,,,,,,
2.627,,,,,,
2.663,,,,,,
3.053,,,,,,
3.077,,,,,,
3.859,,,,,,
7.724,,,,,,
4.105,,,,,,
1.138,,,,,,
5.375,,,,,,
1.412,,,,,,
3.254,,,,,,
3.523,,,,,,
2.632,,,,,,
2.065,,,,,,
2.37,,,,,,
5.451,,,,,,
1.891,,,,,,
3.874,,,,,,
4.964,,,,,,
2.565,,,,,,
2.311,,,,,,
7.801,,,,,,
2.849,,,,,,
3.441,,,,,,
4.833,,,,,,
17.874,,,,,,
3.048,,,,,,
2.068,,,,,,
2.09,,,,,,
2.133,,,,,,
5.014,,,,,,
4.382,,,,,,
3.852,,,,,,
2.131,,,,,,
4.88,,,,,,
0.163,,,,,,
4.291,,,,,,
0.92,,,,,,
2.415,,,,,,
8.327,,,,,,
2.445,,,,,,
10.499,,,,,,
2.689,,,,,,
2.361,,,,,,
2.658,,,,,,
4.094,,,,,,
3.048,,,,,,
2.419,,,,,,
2.031,,,,,,
2.177,,,,,,
2.427,,,,,,
4.349,,,,,,
4.971,,,,,,
6.096,,,,,,
3.042,,,,,,
1.746,,,,,,
2.141,,,,,,
3.048,,,,,,
1.678,,,,,,
2.99,,,,,,
2.947,,,,,,
2.51,,,,,,
4.803,,,,,,
5.155,,,,,,
2.887,,,,,,
2.238,,,,,,
1.947,,,,,,
2.922,,,,,,
5.893,,,,,,
4.375,,,,,,
0.04,,,,,,
4.922,,,,,,
2.808,,,,,,
4.528,,,,,,
2.85,,,,,,
4.745,,,,,,
2.421,,,,,,
4.991,,,,,,
3.095,,,,,,
4.222,,,,,,
1.991,,,,,,
4.818,,,,,,
2.104,,,,,,
2.986,,,,,,
4.742,,,,,,
4.37,,,,,,
0.644,,,,,,
7.648,,,,,,
6.373,,,,,,
4.201,,,,,,
0.42,,,,,,
3.048,,,,,,
2.334,,,,,,
2.094,,,,,,
3.079,,,,,,
2.125,,,,,,
0.002,,,,,,
3.134,,,,,,
2.891,,,,,,
2.69,,,,,,
3.048,,,,,,
1.831,,,,,,
5.928,,,,,,
0.849,,,,,,
1.98,,,,,,
1.376,,,,,,
2.094,,,,,,
2.844,,,,,,
4.252,,,,,,
3.044,,,,,,
4.626,,,,,,
2.58,,,,,,
3.009,,,,,,
4.431,,,,,,
2.198,,,,,,
3.223,,,,,,
6.171,,,,,,
2.612,,,,,,
1.843,,,,,,
3.048,,,,,,
5.239,,,,,,
2.82,,,,,,
2.226,,,,,,
3.467,,,,,,
2.408,,,,,,
3.048,,,,,,
2.596,,,,,,
2.102,,,,,,
4.51,,,,,,
2.894,,,,,,
3.256,,,,,,
3.048,,,,,,
2.522,,,,,,
2.094,,,,,,
2.828,,,,,,
4.541,,,,,,
8.904,,,,,,
1.115,,,,,,
3.048,,,,,,
2.302,,,,,,
3.03,,,,,,
2.557,,,,,,
4.087,,,,,,
8.447,,,,,,
2.183,,,,,,
5.933,,,,,,
2.561,,,,,,
4.083,,,,,,
2.401,,,,,,
3.048,,,,,,
1.447,,,,,,
4.323,,,,,,
3.074,,,,,,
5.442,,,,,,
2.443,,,,,,
3.823,,,,,,
2.228,,,,,,
2.66,,,,,,
2.205,,,,,,
2.329,,,,,,
2.991,,,,,,
3.436,,,,,,
4.396,,,,,,
10.059,,,,,,
7.091,,,,,,
2.591,,,,,,
2.059,,,,,,
2.661,,,,,,
0.041,,,,,,
5.039,,,,,,
2.757,,,,,,
2.223,,,,,,
2.91,,,,,,
3.979,,,,,,
2.566,,,,,,
2.724,,,,,,
5.329,,,,,,
3.048,,,,,,
2.523,,,,,,
7.436,,,,,,
3.048,,,,,,
2.059,,,,,,
5.271,,,,,,
4.81,,,,,,
2.839,,,,,,
1.412,,,,,,
3.048,,,,,,
2.19,,,,,,
3.047,,,,,,
0.634,,,,,,
1.937,,,,,,
2.873,,,,,,
6.991,,,,,,
2.938,,,,,,
4.432,,,,,,
1.69,,,,,,
4.006,,,,,,
2.139,,,,,,
2.998,,,,,,
5.054,,,,,,
5.103,,,,,,
1.802,,,,,,
5.213,,,,,,
2.107,,,,,,
0.845,,,,,,
5.342,,,,,,
0.183,,,,,,
3.668,,,,,,
2.588,,,,,,
2.378,,,,,,
4.645,,,,,,
2.324,,,,,,
5.202,,,,,,
2.757,,,,,,
2.193,,,,,,
2.867,,,,,,
2.093,,,,,,
4.625,,,,,,
2.318,,,,,,
4.577,,,,,,
4.824,,,,,,
4.944,,,,,,
0.422,,,,,,
4.948,,,,,,
3.064,,,,,,
2.551,,,,,,
2.463,,,,,,
1.523,,,,,,
2.932,,,,,,
3.076,,,,,,
1.667,,,,,,
2.573,,,,,,
2.367,,,,,,
2.652,,,,,,
2.619,,,,,,
7.032,,,,,,
2.802,,,,,,
2.826,,,,,,
5.046,,,,,,
3.039,,,,,,
9.043,,,,,,
5.88,,,,,,
2.689,,,,,,
3.048,,,,,,
3.005,,,,,,
7.453,,,,,,
2.189,,,,,,
2.953,,,,,,
3.047,,,,,,
4.314,,,,,,
2.615,,,,,,
1.503,,,,,,
2.854,,,,,,
2.965,,,,,,
1.991,,,,,,
2.139,,,,,,
2.82,,,,,,
3.241,,,,,,
3.528,,,,,,
2.216,,,,,,
6.611,,,,,,
4.955,,,,,,
5.227,,,,,,
12.051,,,,,,
1.991,,,,,,
3.909,,,,,,
2.081,,,,,,
3.047,,,,,,
3.673,,,,,,
3.048,,,,,,
5.379,,,,,,
2.701,,,,,,
2.825,,,,,,
5.266,,,,,,
0.831,,,,,,
1.725,,,,,,
2.614,,,,,,
3.652,,,,,,
3.123,,,,,,
2.281,,,,,,
2.162,,,,,,
4.416,,,,,,
2.59,,,,,,
4.539,,,,,,
7.622,,,,,,
3.006,,,,,,
4.778,,,,,,
8.163,,,,,,
4.311,,,,,,
5.198,,,,,,
13.933,,,,,,
2.727,,,,,,
5.024,,,,,,
3.047,,,,,,
0.143,,,,,,
4.471,,,,,,
2.441,,,,,,
12.192,,,,,,
5.678,,,,,,
4.539,,,,,,
8.261,,,,,,
2.525,,,,,,
2.9,,,,,,
1.438,,,,,,
2.609,,,,,,
2.516,,,,,,
3.93,,,,,,
2.189,,,,,,
3.048,,,,,,
5.907,,,,,,
4.231,,,,,,
2.801,,,,,,
4.604,,,,,,
8.675,,,,,,
3.048,,,,,,
3.97,,,,,,
5.519,,,,,,
7.258,,,,,,
3.048,,,,,,
0.387,,,,,,
5.21,,,,,,
1.017,,,,,,
3.116,,,,,,
4.516,,,,,,
3.997,,,,,,
2.357,,,,,,
2.118,,,,,,
4.701,,,,,,
2.755,,,,,,
0.188,,,,,,
2.49,,,,,,
5.47,,,,,,
1.514,,,,,,
4.581,,,,,,
2.815,,,,,,
12.192,,,,,,
2.828,,,,,,
5.549,,,,,,
2.404,,,,,,
2.658,,,,,,
2.964,,,,,,
3.886,,,,,,
7.599,,,,,,
6.096,,,,,,
2.864,,,,,,
2.017,,,,,,
6.096,,,,,,
4.792,,,,,,
4.287,,,,,,
3.286,,,,,,
2.287,,,,,,
6.096,,,,,,
1.303,,,,,,
2.672,,,,,,
6.379,,,,,,
4.859,,,,,,
5.31,,,,,,
0.579,,,,,,
5.912,,,,,,
2.408,,,,,,
6.302,,,,,,
2.841,,,,,,
6.096,,,,,,
3.475,,,,,,
5.67,,,,,,
2.765,,,,,,
2.424,,,,,,
5.387,,,,,,
2.133,,,,,,
4.188,,,,,,
3.885,,,,,,
5.811,,,,,,
17.421,,,,,,
8.264,,,,,,
3.048,,,,,,
1.649,,,,,,
4.575,,,,,,
5.531,,,,,,
2.959,,,,,,
2.247,,,,,,
4.283,,,,,,
2.402,,,,,,
2.964,,,,,,
3.262,,,,,,
6.524,,,,,,
2.156,,,,,,
2.737,,,,,,
4.446,,,,,,
4.967,,,,,,
2.662,,,,,,
2.559,,,,,,
2.771,,,,,,
2.812,,,,,,
0.986,,,,,,
5.343,,,,,,
6.977,,,,,,
1.063,,,,,,
2.009,,,,,,
2.753,,,,,,
0.912,,,,,,
2.828,,,,,,
2.478,,,,,,
2.387,,,,,,
2.963,,,,,,
3.624,,,,,,
2.636,,,,,,
2.471,,,,,,
3.131,,,,,,
2.092,,,,,,
2.365,,,,,,
5.563,,,,,,
2.462,,,,,,
4.147,,,,,,
3.653,,,,,,
3.821,,,,,,
3.641,,,,,,
9.776,,,,,,
2.041,,,,,,
8.317,,,,,,
3.54,,,,,,
2.424,,,,,,
2.255,,,,,,
3.615,,,,,,
5.726,,,,,,
1.554,,,,,,
2.994,,,,,,
2.542,,,,,,
2.264,,,,,,
6.52,,,,,,
0.814,,,,,,
3.846,,,,,,
3.431,,,,,,
2.511,,,,,,
2.298,,,,,,
5.189,,,,,,
2.493,,,,,,
2.157,,,,,,
4.046,,,,,,
4.448,,,,,,
6.292,,,,,,
2.023,,,,,,
2.118,,,,,,
2.421,,,,,,
1.755,,,,,,
2.043,,,,,,
0.103,,,,,,
4.729,,,,,,
2.102,,,,,,
3.495,,,,,,
2.453,,,,,,
3.048,,,,,,
2.117,,,,,,
3.052,,,,,,
2.26,,,,,,
3.048,,,,,,
3.297,,,,,,
3.512,,,,,,
2.365,,,,,,
2.227,,,,,,
1.842,,,,,,
4.231,,,,,,
4.605,,,,,,
2.758,,,,,,
0.518,,,,,,
6.721,,,,,,
2.316,,,,,,
4.275,,,,,,
2.167,,,,,,
4.822,,,,,,
3.269,,,,,,
2.103,,,,,,
6.963,,,,,,
2.287,,,,,,
2.041,,,,,,
3.567,,,,,,
2.556,,,,,,
2.212,,,,,,
7.388,,,,,,
19.636,,,,,,
4.77,,,,,,
3.993,,,,,,
5.462,,,,,,
2.577,,,,,,
1.439,,,,,,
5.875,,,,,,
0.84,,,,,,
1.319,,,,,,
2.158,,,,,,
6.182,,,,,,
5.337,,,,,,
2.915,,,,,,
7.421,,,,,,
2.298,,,,,,
3.55,,,,,,
3.955,,,,,,
8.236,,,,,,
3.137,,,,,,
4.34,,,,,,
4.756,,,,,,
19.147,,,,,,
3.604,,,,,,
2.695,,,,,,
3.871,,,,,,
3.627,,,,,,
3.9,,,,,,
3.048,,,,,,
6.955,,,,,,
4.535,,,,,,
7.092,,,,,,
4.122,,,,,,
2.818,,,,,,
2.799,,,,,,
3.102,,,,,,
2.559,,,,,,
2.195,,,,,,
2.508,,,,,,
2.749,,,,,,
2.125,,,,,,
2.478,,,,,,
4.795,,,,,,
1.665,,,,,,
2.755,,,,,,
2.606,,,,,,
2.9,,,,,,
2.958,,,,,,
3.047,,,,,,
2.957,,,,,,
2.559,,,,,,
2.844,,,,,,
0.007,,,,,,
3.048,,,,,,
4.977,,,,,,
0.005,,,,,,
5.221,,,,,,
4.665,,,,,,
3.005,,,,,,
2.382,,,,,,
6.29,,,,,,
11.369,,,,,,
0.282,,,,,,
1.183,,,,,,
2.334,,,,,,
3.694,,,,,,
0.564,,,,,,
12.803,,,,,,
2.213,,,,,,
0.057,,,,,,
2.966,,,,,,
1.89,,,,,,
2.16,,,,,,
2.147,,,,,,
2.63,,,,,,
3.101,,,,,,
1.779,,,,,,
5.549,,,,,,
3.048,,,,,,
3.425,,,,,,
2.033,,,,,,
3.048,,,,,,
2.542,,,,,,
2.564,,,,,,
2.464,,,,,,
4.954,,,,,,
6.713,,,,,,
3.691,,,,,,
2.578,,,,,,
1.807,,,,,,
2.559,,,,,,
1.564,,,,,,
3.603,,,,,,
2.986,,,,,,
3.059,,,,,,
3.239,,,,,,
3.047,,,,,,
2.724,,,,,,
4.794,,,,,,
3.381,,,,,,
2.763,,,,,,
2.301,,,,,,
1.481,,,,,,
3.984,,,,,,
6.331,,,,,,
4.484,,,,,,
4.056,,,,,,
2.57,,,,,,
3.721,,,,,,
2.207,,,,,,
9.539,,,,,,
0.04,,,,,,
2.636,,,,,,
2.372,,,,,,
4.177,,,,,,
7.203,,,,,,
2.417,,,,,,
3.999,,,,,,
7.378,,,,,,
4.638,,,,,,
3.048,,,,,,
2.331,,,,,,
1.584,,,,,,
6.096,,,,,,
2.096,,,,,,
2.239,,,,,,
3.477,,,,,,
3.214,,,,,,
3.332,,,,,,
2.948,,,,,,
4.104,,,,,,
8.087,,,,,,
1.531,,,,,,
2.547,,,,,,
10.527,,,,,,
2.293,,,,,,
8.81,,,,,,
1.919,,,,,,
2.271,,,,,,
2.475,,,,,,
5.563,,,,,,
4.456,,,,,,
2.134,,,,,,
2.996,,,,,,
5.529,,,,,,
2.26,,,,,,
2.775,,,,,,
2.514,,,,,,
4.196,,,,,,
2.375,,,,,,
1.913,,,,,,
5.909,,,,,,
5.128,,,,,,
2.785,,,,,,
3.308,,,,,,
3.147,,,,,,
3.248,,,,,,
11.44,,,,,,
3.261,,,,,,
2.925,,,,,,
2.148,,,,,,
4.594,,,,,,
5.538,,,,,,
4.692,,,,,,
2.029,,,,,,
2.197,,,,,,
3.627,,,,,,
2.287,,,,,,
4.853,,,,,,
0.28,,,,,,
3.048,,,,,,
5.815,,,,,,
2.201,,,,,,
2.31,,,,,,
4.72,,,,,,
9.792,,,,,,
6.096,,,,,,
4.494,,,,,,
3.048,,,,,,
1.082,,,,,,
2.949,,,,,,
2.231,,,,,,
8.81,,,,,,
2.523,,,,,,
3.519,,,,,,
2.438,,,,,,
2.681,,,,,,
4.649,,,,,,
3.048,,,,,,
1.816,,,,,,
6.03,,,,,,
2.244,,,,,,
5.188,,,,,,
3.151,,,,,,
4.883,,,,,,
2.198,,,,,,
2.478,,,,,,
2.425,,,,,,
2.087,,,,,,
2.395,,,,,,
3.937,,,,,,
3.572,,,,,,
5.046,,,,,,
4.779,,,,,,
4.797,,,,,,
2.358,,,,,,
5.2,,,,,,
2.005,,,,,,
6.597,,,,,,
2.401,,,,,,
2.073,,,,,,
2.948,,,,,,
2.572,,,,,,
2.618,,,,,,
4.742,,,,,,
2.012,,,,,,
2.125,,,,,,
2.231,,,,,,
4.002,,,,,,
3.072,,,,,,
2.035,,,,,,
2.213,,,,,,
4.947,,,,,,
7.244,,,,,,
2.976,,,,,,
4.623,,,,,,
2.021,,,,,,
9.323,,,,,,
2.524,,,,,,
5.117,,,,,,
2.024,,,,,,
2.573,,,,,,
9.235,,,,,,
4.65,,,,,,
2.106,,,,,,
6.127,,,,,,
2.776,,,,,,
2.099,,,,,,
3.016,,,,,,
7.044,,,,,,
2.333,,,,,,
3.018,,,,,,
2.194,,,,,,
3.048,,,,,,
3.047,,,,,,
2.342,,,,,,
3.076,,,,,,
5.39,,,,,,
2.783,,,,,,
2.382,,,,,,
4.304,,,,,,
2.533,,,,,,
5.258,,,,,,
2.372,,,,,,
2.111,,,,,,
2.057,,,,,,
2.838,,,,,,
1.537,,,,,,
3.873,,,,,,
2.483,,,,,,
8.612,,,,,,
4.25,,,,,,
4.65,,,,,,
2.391,,,,,,
3.257,,,,,,
2.389,,,,,,
4.541,,,,,,
8.483,,,,,,
2.24,,,,,,
4.516,,,,,,
2.073,,,,,,
2.432,,,,,,
1.845,,,,,,
2.616,,,,,,
5.279,,,,,,
3.81,,,,,,
3.048,,,,,,
4.634,,,,,,
2.311,,,,,,
4.447,,,,,,
2.627,,,,,,
2.947,,,,,,
2.262,,,,,,
2.604,,,,,,
3.999,,,,,,
5.334,,,,,,
2.533,,,,,,
1.988,,,,,,
4.927,,,,,,
2.081,,,,,,
2.845,,,,,,
2.401,,,,,,
5.252,,,,,,
10.11,,,,,,
5.202,,,,,,
3.291,,,,,,
2.497,,,,,,
2.094,,,,,,
0.298,,,,,,
5.146,,,,,,
2.804,,,,,,
7.741,,,,,,
2.035,,,,,,
2.415,,,,,,
2.147,,,,,,
5.15,,,,,,
6.926,,,,,,
3.137,,,,,,
6.162,,,,,,
7.222,,,,,,
3.644,,,,,,
2.397,,,,,,
1.557,,,,,,
4.755,,,,,,
1.879,,,,,,
5.112,,,,,,
15.571,,,,,,
3.482,,,,,,
2.227,,,,,,
10.256,,,,,,
6.748,,,,,,
2.374,,,,,,
4.092,,,,,,
2.964,,,,,,
2.386,,,,,,
2.679,,,,,,
2.445,,,,,,
4.756,,,,,,
5.353,,,,,,
1.984,,,,,,
2.565,,,,,,
3.378,,,,,,
6.466,,,,,,
3.33,,,,,,
4.884,,,,,,
4.666,,,,,,
11.733,,,,,,
1.982,,,,,,
12.539,,,,,,
3.046,,,,,,
5.876,,,,,,
2.963,,,,,,
4.744,,,,,,
2.24,,,,,,
9.266,,,,,,
4.627,,,,,,
2.243,,,,,,
3.048,,,,,,
2.103,,,,,,
9.144,,,,,,
4.392,,,,,,
8.038,,,,,,
6.105,,,,,,
3.109,,,,,,
2.193,,,,,,
0.762,,,,,,
2.832,,,,,,
4.516,,,,,,
1.918,,,,,,
2.215,,,,,,
2.343,,,,,,
6.948,,,,,,
1.16,,,,,,
4.95,,,,,,
5.118,,,,,,
2.101,,,,,,
10.09,,,,,,
5.438,,,,,,
1.791,,,,,,
3.161,,,,,,
3.048,,,,,,
3.705,,,,,,
2.56,,,,,,
9.144,,,,,,
5.278,,,,,,
2.633,,,,,,
2.239,,,,,,
5.056,,,,,,
1.679,,,,,,
6.096,,,,,,
3.479,,,,,,
6.141,,,,,,
2.65,,,,,,
2.308,,,,,,
3.047,,,,,,
2.482,,,,,,
3.769,,,,,,
6.096,,,,,,
4.154,,,,,,
0.108,,,,,,
2.44,,,,,,
1.234,,,,,,
2.411,,,,,,
2.166,,,,,,
3.329,,,,,,
1.604,,,,,,
2.862,,,,,,
8.017,,,,,,
2.956,,,,,,
2.776,,,,,,
3.048,,,,,,
5.228,,,,,,
2.681,,,,,,
27.933,,,,,,
1.361,,,,,,
2.336,,,,,,
2.393,,,,,,
2.229,,,,,,
5.614,,,,,,
6.072,,,,,,
2.836,,,,,,
3.282,,,,,,
4.655,,,,,,
2.93,,,,,,
1.808,,,,,,
3.829,,,,,,
2.308,,,,,,
4.273,,,,,,
3.048,,,,,,
5.46,,,,,,
0.738,,,,,,
9.918,,,,,,
5.423,,,,,,
2.173,,,,,,
3.72,,,,,,
0.782,,,,,,
6.78,,,,,,
6.731,,,,,,
3.048,,,,,,
2.046,,,,,,
2.375,,,,,,
4.035,,,,,,
5.028,,,,,,
4.789,,,,,,
7.594,,,,,,
0.988,,,,,,
4.718,,,,,,
2.927,,,,,,
2.366,,,,,,
6.194,,,,,,
0.172,,,,,,
5.099,,,,,,
3.048,,,,,,
2.013,,,,,,
4.637,,,,,,
3.075,,,,,,
2.203,,,,,,
4.092,,,,,,
6.259,,,,,,
2.153,,,,,,
10.626,,,,,,
2.568,,,,,,
2.078,,,,,,
11.267,,,,,,
6.186,,,,,,
4.788,,,,,,
4.16,,,,,,
2.811,,,,,,
2.969,,,,,,
4.571,,,,,,
3.745,,,,,,
8.528,,,,,,
11.304,,,,,,
2.677,,,,,,
0.945,,,,,,
5.029,,,,,,
3.496,,,,,,
3.885,,,,,,
3.663,,,,,,
3.048,,,,,,
4.144,,,,,,
2.127,,,,,,
2.847,,,,,,
7.006,,,,,,
5.245,,,,,,
2.119,,,,,,
11.229,,,,,,
2.332,,,,,,
1.364,,,,,,
9.292,,,,,,
19.08,,,,,,
3.737,,,,,,
2.762,,,,,,
18.737,,,,,,
11.426,,,,,,
2.191,,,,,,
3.048,,,,,,
1.981,,,,,,
8.21,,,,,,
9.951,,,,,,
0.219,,,,,,
2.28,,,,,,
5.469,,,,,,
4.946,,,,,,
3.047,,,,,,
13.616,,,,,,
2.555,,,,,,
2.454,,,,,,
4.472,,,,,,
4.475,,,,,,
2.841,,,,,,
3.617,,,,,,
4.668,,,,,,
3.046,,,,,,
1.742,,,,,,
5.813,,,,,,
19.455,,,,,,
5.531,,,,,,
4.869,,,,,,
3.841,,,,,,
5.47,,,,,,
4.808,,,,,,
0.036,,,,,,
8.695,,,,,,
3.682,,,,,,
2.242,,,,,,
13.476,,,,,,
6.068,,,,,,
4.587,,,,,,
3.525,,,,,,
2.279,,,,,,
3.902,,,,,,
2.093,,,,,,
2.538,,,,,,
9.238,,,,,,
2.526,,,,,,
2.596,,,,,,
2.148,,,,,,
3.991,,,,,,
1.221,,,,,,
2.236,,,,,,
4.484,,,,,,
4.594,,,,,,
4.579,,,,,,
3.496,,,,,,
3.947,,,,,,
2.21,,,,,,
7.731,,,,,,
3.986,,,,,,
3.048,,,,,,
2.45,,,,,,
2.423,,,,,,
5.217,,,,,,
2.199,,,,,,
2.346,,,,,,
0.99,,,,,,
3.387,,,,,,
2.637,,,,,,
0.878,,,,,,
2.319,,,,,,
9.143,,,,,,
2.537,,,,,,
2.227,,,,,,
2.333,,,,,,
2.241,,,,,,
0.325,,,,,,
3.651,,,,,,
4.646,,,,,,
5.956,,,,,,
0.67,,,,,,
0.907,,,,,,
2.087,,,,,,
2.444,,,,,,
2.28,,,,,,
9.871,,,,,,
3.048,,,,,,
2.824,,,,,,
2.176,,,,,,
2.462,,,,,,
2.017,,,,,,
2.224,,,,,,
2.128,,,,,,
1.035,,,,,,
2.576,,,,,,
2.402,,,,,,
0.89,,,,,,
18.288,,,,,,
2.349,,,,,,
2.063,,,,,,
6.209,,,,,,
2.065,,,,,,
2.361,,,,,,
2.26,,,,,,
5.047,,,,,,
3.037,,,,,,
2.077,,,,,,
2.141,,,,,,
2.11,,,,,,
2.549,,,,,,
6.096,,,,,,
3.33,,,,,,
2.849,,,,,,
0.748,,,,,,
6.671,,,,,,
2.227,,,,,,
2.459,,,,,,
2.134,,,,,,
7.335,,,,,,
3.048,,,,,,
0.89,,,,,,
2.034,,,,,,
2.737,,,,,,
3.048,,,,,,
2.998,,,,,,
1.77,,,,,,
5.238,,,,,,
3.048,,,,,,
3.906,,,,,,
4.539,,,,,,
5.657,,,,,,
0.027,,,,,,
1.781,,,,,,
2.097,,,,,,
6.666,,,,,,
5.488,,,,,,
2.217,,,,,,
5.027,,,,,,
6.735,,,,,,
5.28,,,,,,
7.541,,,,,,
3.715,,,,,,
3.331,,,,,,
2.007,,,,,,
2.178,,,,,,
0.108,,,,,,
2.734,,,,,,
5.219,,,,,,
0.556,,,,,,
4.789,,,,,,
3.022,,,,,,
1.069,,,,,,
3.047,,,,,,
3.662,,,,,,
4.849,,,,,,
3.017,,,,,,
4.291,,,,,,
2.865,,,,,,
3.033,,,,,,
2.405,,,,,,
2.244,,,,,,
4.844,,,,,,
2.368,,,,,,
4.374,,,,,,
2.811,,,,,,
3.122,,,,,,
2.065,,,,,,
7.01,,,,,,
5.018,,,,,,
2.309,,,,,,
2.7,,,,,,
3.048,,,,,,
9.664,,,,,,
1.957,,,,,,
2.854,,,,,,
7.719,,,,,,
1.949,,,,,,
3.085,,,,,,
7.504,,,,,,
2.683,,,,,,
3.862,,,,,,
4.455,,,,,,
4.624,,,,,,
13.883,,,,,,
5.035,,,,,,
5.572,,,,,,
1.424,,,,,,
2.197,,,,,,
6.636,,,,,,
3.399,,,,,,
3.535,,,,,,
6.359,,,,,,
4.042,,,,,,
2.86,,,,,,
6.903,,,,,,
5.857,,,,,,
2.249,,,,,,
2.267,,,,,,
4.706,,,,,,
4.575,,,,,,
2.938,,,,,,
2.712,,,,,,
1.985,,,,,,
5.5,,,,,,
6.896,,,,,,
0.442,,,,,,
4.641,,,,,,
2.275,,,,,,
4.71,,,,,,
2.375,,,,,,
5.905,,,,,,
2.366,,,,,,
2.497,,,,,,
2.406,,,,,,
2.577,,,,,,
3.029,,,,,,
2.346,,,,,,
0.419,,,,,,
1.995,,,,,,
3.76,,,,,,
2.895,,,,,,
2.153,,,,,,
2.106,,,,,,
2.085,,,,,,
2.123,,,,,,
2.1,,,,,,
5.181,,,,,,
0.641,,,,,,
3.328,,,,,,
3.228,,,,,,
5.445,,,,,,
4.504,,,,,,
4.9,,,,,,
7.526,,,,,,
2.227,,,,,,
3.016,,,,,,
4.42,,,,,,
2.032,,,,,,
2.77,,,,,,
4.628,,,,,,
5.16,,,,,,
2.607,,,,,,
3.019,,,,,,
2.973,,,,,,
4.167,,,,,,
2.394,,,,,,
3.612,,,,,,
2.106,,,,,,
4.349,,,,,,
32.423,,,,,,
5.873,,,,,,
2.867,,,,,,
4.728,,,,,,
2.586,,,,,,
2.87,,,,,,
2.057,,,,,,
4.126,,,,,,
2.288,,,,,,
0.024,,,,,,
1.601,,,,,,
2.736,,,,,,
4.446,,,,,,
2.263,,,,,,
3.136,,,,,,
6.12,,,,,,
2.051,,,,,,
3.048,,,,,,
2.459,,,,,,
6.818,,,,,,
2.701,,,,,,
6.99,,,,,,
0.32,,,,,,
4.858,,,,,,
4.314,,,,,,
9.144,,,,,,
6.193,,,,,,
3.181,,,,,,
2.285,,,,,,
2.005,,,,,,
3.78,,,,,,
5.809,,,,,,
5.159,,,,,,
2.939,,,,,,
4.778,,,,,,
2.68,,,,,,
2.158,,,,,,
13.236,,,,,,
3.072,,,,,,
2.833,,,,,,
4.846,,,,,,
2.787,,,,,,
1.565,,,,,,
7.471,,,,,,
0.146,,,,,,
5.089,,,,,,
3.163,,,,,,
5.948,,,,,,
3.209,,,,,,
15.32,,,,,,
7.679,,,,,,
8.348,,,,,,
2.806,,,,,,
2.577,,,,,,
4.661,,,,,,
2.127,,,,,,
0.213,,,,,,
3.252,,,,,,
7.319,,,,,,
1.9,,,,,,
2.006,,,,,,
2.493,,,,,,
2.291,,,,,,
2.231,,,,,,
2.324,,,,,,
1.793,,,,,,
2.242,,,,,,
0.312,,,,,,
2.796,,,,,,
2.156,,,,,,
3.048,,,,,,
6.801,,,,,,
6.955,,,,,,
6.188,,,,,,
3.096,,,,,,
2.539,,,,,,
2.955,,,,,,
6.782,,,,,,
6.584,,,,,,
1.193,,,,,,
2.95,,,,,,
2.493,,,,,,
5.236,,,,,,
3.737,,,,,,
5.181,,,,,,
4.255,,,,,,
21.296,,,,,,
1.082,,,,,,
0.08,,,,,,
3.048,,,,,,
11.819,,,,,,
2.748,,,,,,
4.211,,,,,,
20.373,,,,,,
0.728,,,,,,
2.637,,,,,,
8.829,,,,,,
11.342,,,,,,
3.283,,,,,,
4.441,,,,,,
4.246,,,,,,
19.082,,,,,,
3.048,,,,,,
1.883,,,,,,
4.856,,,,,,
0.127,,,,,,
1.501,,,,,,
4.546,,,,,,
2.277,,,,,,
4.333,,,,,,
16.106,,,,,,
0.182,,,,,,
4.212,,,,,,
2.265,,,,,,
10.039,,,,,,
2.223,,,,,,
7.039,,,,,,
2.127,,,,,,
1.928,,,,,,
2.131,,,,,,
3.791,,,,,,
1.597,,,,,,
2.371,,,,,,
2.723,,,,,,
4.38,,,,,,
2.372,,,,,,
2.77,,,,,,
2.984,,,,,,
3.047,,,,,,
4.468,,,,,,
3.048,,,,,,
2.757,,,,,,
11.24,,,,,,
2.002,,,,,,
2.455,,,,,,
3.608,,,,,,
3.301,,,,,,
5.966,,,,,,
2.445,,,,,,
14.236,,,,,,
2.447,,,,,,
6.934,,,,,,
1.102,,,,,,
4.141,,,,,,
1.981,,,,,,
5.584,,,,,,
2.545,,,,,,
0.403,,,,,,
2.627,,,,,,
6.157,,,,,,
9.904,,,,,,
3.021,,,,,,
6.096,,,,,,
4.662,,,,,,
2.011,,,,,,
10.882,,,,,,
0.174,,,,,,
2.021,,,,,,
3.781,,,,,,
3.465,,,,,,
2.529,,,,,,
4.755,,,,,,
2.807,,,,,,
3.253,,,,,,
4.488,,,,,,
2.464,,,,,,
5.608,,,,,,
5.481,,,,,,
4.117,,,,,,
2.593,,,,,,
2.148,,,,,,
2.195,,,,,,
1.5,,,,,,
3.577,,,,,,
2.997,,,,,,
2.394,,,,,,
4.552,,,,,,
2.345,,,,,,
3.555,,,,,,
2.29,,,,,,
4.964,,,,,,
5.109,,,,,,
5.67,,,,,,
2.95,,,,,,
4.339,,,,,,
2.713,,,,,,
2.423,,,,,,
0.772,,,,,,
2.951,,,,,,
2.419,,,,,,
2.464,,,,,,
7.239,,,,,,
2.077,,,,,,
2.145,,,,,,
2.385,,,,,,
0.402,,,,,,
2.645,,,,,,
4.482,,,,,,
4.929,,,,,,
2.049,,,,,,
2.247,,,,,,
0.102,,,,,,
2.877,,,,,,
3.421,,,,,,
2.25,,,,,,
0.334,,,,,,
2.738,,,,,,
2.597,,,,,,
4.047,,,,,,
8.997,,,,,,
4.837,,,,,,
2.431,,,,,,
2.665,,,,,,
3.22,,,,,,
4.636,,,,,,
3.204,,,,,,
3.048,,,,,,
3.306,,,,,,
2.392,,,,,,
2.488,,,,,,
4.277,,,,,,
6.605,,,,,,
9.459,,,,,,
2.026,,,,,,
4.265,,,,,,
6.115,,,,,,
5.624,,,,,,
2.034,,,,,,
4.981,,,,,,
0.909,,,,,,
5.23,,,,,,
4.291,,,,,,
2.325,,,,,,
3.183,,,,,,
4.223,,,,,,
3.493,,,,,,
0.412,,,,,,
5.101,,,,,,
2.89,,,,,,
3.408,,,,,,
2.823,,,,,,
2.291,,,,,,
2.411,,,,,,
0.078,,,,,,
3.518,,,,,,
3.284,,,,,,
2.256,,,,,,
2.396,,,,,,
7.161,,,,,,
2.598,,,,,,
6.671,,,,,,
5.462,,,,,,
2.409,,,,,,
7.709,,,,,,
7.314,,,,,,
2.235,,,,,,
5.06,,,,,,
2.196,,,,,,
2.346,,,,,,
2.126,,,,,,
3.107,,,,,,
4.973,,,,,,
10.209,,,,,,
4.781,,,,,,
2.289,,,,,,
1.589,,,,,,
2.485,,,,,,
2.134,,,,,,
3.275,,,,,,
1.983,,,,,,
5.025,,,,,,
4.591,,,,,,
3.223,,,,,,
8.265,,,,,,
3.628,,,,,,
0.434,,,,,,
2.041,,,,,,
3.45,,,,,,
6.096,,,,,,
1.446,,,,,,
2.844,,,,,,
4.431,,,,,,
2.867,,,,,,
2.467,,,,,,
4.491,,,,,,
4.129,,,,,,
2.454,,,,,,
6.095,,,,,,
2.349,,,,,,
1.569,,,,,,
4.828,,,,,,
2.314,,,,,,
9.919,,,,,,
1.021,,,,,,
4.298,,,,,,
4.237,,,,,,
1.045,,,,,,
3.048,,,,,,
3.116,,,,,,
4.406,,,,,,
4.435,,,,,,
2.358,,,,,,
2.229,,,,,,
3.318,,,,,,
2.62,,,,,,
2.592,,,,,,
4.898,,,,,,
2.234,,,,,,
6.096,,,,,,
3.722,,,,,,
1.888,,,,,,
5.825,,,,,,
2.542,,,,,,
4.965,,,,,,
2.241,,,,,,
7.374,,,,,,
0.803,,,,,,
5.166,,,,,,
4.245,,,,,,
2.223,,,,,,
2.074,,,,,,
0.266,,,,,,
2.295,,,,,,
2.373,,,,,,
5.21,,,,,,
1.283,,,,,,
3.52,,,,,,
2.462,,,,,,
2.781,,,,,,
16.173,,,,,,
2.559,,,,,,
8.124,,,,,,
4.388,,,,,,
3.048,,,,,,
3.048,,,,,,
3.048,,,,,,
5.009,,,,,,
4.327,,,,,,
3.736,,,,,,
5.281,,,,,,
2.387,,,,,,
2.95,,,,,,
8.4,,,,,,
1.463,,,,,,
3.346,,,,,,
2.749,,,,,,
7.631,,,,,,
5.374,,,,,,
2.01,,,,,,
2.125,,,,,,
3.256,,,,,,
3.047,,,,,,
1.926,,,,,,
2.537,,,,,,
9.144,,,,,,
5.189,,,,,,
5.843,,,,,,
1.712,,,,,,
2.784,,,,,,
4.383,,,,,,
3.018,,,,,,
7.176,,,,,,
1.836,,,,,,
5.648,,,,,,
7.549,,,,,,
0.734,,,,,,
5.319,,,,,,
2.089,,,,,,
2.994,,,,,,
1.901,,,,,,
6.092,,,,,,
3.112,,,,,,
3.165,,,,,,
2.866,,,,,,
2.515,,,,,,
2.442,,,,,,
2.393,,,,,,
3.041,,,,,,
5.242,,,,,,
2.533,,,,,,
2.06,,,,,,
6.494,,,,,,
3.048,,,,,,
1.85,,,,,,
3.952,,,,,,
2.348,,,,,,
8.162,,,,,,
2.967,,,,,,
2.028,,,,,,
4.302,,,,,,
5.214,,,,,,
2.045,,,,,,
3.006,,,,,,
2.981,,,,,,
2.024,,,,,,
5.584,,,,,,
0.596,,,,,,
2.36,,,,,,
3.006,,,,,,
2.819,,,,,,
4.427,,,,,,
2.172,,,,,,
2.17,,,,,,
2.613,,,,,,
2.347,,,,,,
2.135,,,,,,
8.37,,,,,,
7.513,,,,,,
2.825,,,,,,
0.852,,,,,,
2.764,,,,,,
3.225,,,,,,
3.368,,,,,,
2.559,,,,,,
1.03,,,,,,
2.408,,,,,,
3.229,,,,,,
2.012,,,,,,
9.094,,,,,,
3.048,,,,,,
1.983,,,,,,
3.121,,,,,,
4.35,,,,,,
2.428,,,,,,
16.933,,,,,,
0.076,,,,,,
4.057,,,,,,
2.323,,,,,,
10.791,,,,,,
4.791,,,,,,
3.035,,,,,,
2.721,,,,,,
15.971,,,,,,
2.012,,,,,,
2.207,,,,,,
4.127,,,,,,
7.123,,,,,,
8.064,,,,,,
10.181,,,,,,
4.87,,,,,,
7.32,,,,,,
5.825,,,,,,
3.048,,,,,,
3.047,,,,,,
3.047,,,,,,
5.934,,,,,,
2.173,,,,,,
7.866,,,,,,
2.028,,,,,,
2.108,,,,,,
4.113,,,,,,
22.79,,,,,,
5.847,,,,,,
2.335,,,,,,
4.97,,,,,,
4.836,,,,,,
4.868,,,,,,
0.891,,,,,,
4.258,,,,,,
3.048,,,,,,
5.549,,,,,,
2.269,,,,,,
5.285,,,,,,
4.7,,,,,,
3.291,,,,,,
2.966,,,,,,
3.896,,,,,,
1.841,,,,,,
3.048,,,,,,
2.854,,,,,,
3.048,,,,,,
2.205,,,,,,
6.375,,,,,,
3.047,,,,,,
3.89,,,,,,
3.048,,,,,,
12.709,,,,,,
6.149,,,,,,
3.483,,,,,,
4.46,,,,,,
2.263,,,,,,
2.01,,,,,,
11.125,,,,,,
2.096,,,,,,
4.729,,,,,,
0.656,,,,,,
3.149,,,,,,
2.946,,,,,,
5.056,,,,,,
0.892,,,,,,
6.096,,,,,,
4.493,,,,,,
3.196,,,,,,
2.667,,,,,,
5.337,,,,,,
5.958,,,,,,
2.444,,,,,,
2.53,,,,,,
0.056,,,,,,
6.353,,,,,,
5.572,,,,,,
2.419,,,,,,
3.048,,,,,,
2.409,,,,,,
2.257,,,,,,
2.757,,,,,,
2.547,,,,,,
2.814,,,,,,
2.341,,,,,,
8.903,,,,,,
4.837,,,,,,
2.902,,,,,,
3.16,,,,,,
5.038,,,,,,
4.45,,,,,,
1.988,,,,,,
2.152,,,,,,
5.355,,,,,,
2.813,,,,,,
2.36,,,,,,
2.5,,,,,,
2.796,,,,,,
4.311,,,,,,
3.209,,,,,,
4.003,,,,,,
3.587,,,,,,
2.508,,,,,,
3.015,,,,,,
2.699,,,,,,
3.408,,,,,,
3.225,,,,,,
2.861,,,,,,
4.969,,,,,,
2.952,,,,,,
4.215,,,,,,
2.519,,,,,,
1.066,,,,,,
4.2,,,,,,
0.316,,,,,,
4.274,,,,,,
6.105,,,,,,
2.528,,,,,,
5.196,,,,,,
2.324,,,,,,
2.43,,,,,,
2.275,,,,,,
2.428,,,,,,
2.179,,,,,,
2.952,,,,,,
2.589,,,,,,
0.457,,,,,,
2.605,,,,,,
4.216,,,,,,
2.301,,,,,,
2.793,,,,,,
4.273,,,,,,
1.19,,,,,,
2.025,,,,,,
2.628,,,,,,
2.572,,,,,,
2.641,,,,,,
3.655,,,,,,
2.604,,,,,,
4.099,,,,,,
2.305,,,,,,
2.855,,,,,,
2.155,,,,,,
3.736,,,,,,
2.136,,,,,,
2.399,,,,,,
2.359,,,,,,
6.096,,,,,,
6.099,,,,,,
2.066,,,,,,
2.592,,,,,,
4.91,,,,,,
2.185,,,,,,
2.993,,,,,,
2.607,,,,,,
3.187,,,,,,
4.436,,,,,,
1.433,,,,,,
7.341,,,,,,
3.048,,,,,,
2.606,,,,,,
9.144,,,,,,
2.5,,,,,,
3.479,,,,,,
3.04,,,,,,
11.099,,,,,,
3.001,,,,,,
3.511,,,,,,
0.29,,,,,,
2.301,,,,,,
2.5,,,,,,
3.057,,,,,,
4.017,,,,,,
3.595,,,,,,
2.054,,,,,,
3.048,,,,,,
1.997,,,,,,
2.409,,,,,,
1.772,,,,,,
2.163,,,,,,
3.048,,,,,,
2.159,,,,,,
10.236,,,,,,
4.353,,,,,,
5.548,,,,,,
12.194,,,,,,
2.459,,,,,,
11.555,,,,,,
2.407,,,,,,
2.219,,,,,,
0.13,,,,,,
11.769,,,,,,
12.323,,,,,,
14.278,,,,,,
2.042,,,,,,
2.073,,,,,,
2.149,,,,,,
1.91,,,,,,
2.576,,,,,,
4.679,,,,,,
5.424,,,,,,
2.781,,,,,,
3.81,,,,,,
10.292,,,,,,
2.006,,,,,,
3.118,,,,,,
8.19,,,,,,
1.989,,,,,,
4.865,,,,,,
4.724,,,,,,
4.0,,,,,,
23.136,,,,,,
4.447,,,,,,
4.022,,,,,,
3.047,,,,,,
9.409,,,,,,
1.995,,,,,,
6.851,,,,,,
8.246,,,,,,
1.313,,,,,,
0.838,,,,,,
2.515,,,,,,
2.611,,,,,,
2.393,,,,,,
5.4,,,,,,
1.993,,,,,,
2.842,,,,,,
2.415,,,,,,
3.048,,,,,,
2.184,,,,,,
12.37,,,,,,
3.101,,,,,,
3.348,,,,,,
3.299,,,,,,
2.404,,,,,,
5.109,,,,,,
1.643,,,,,,
6.095,,,,,,
4.733,,,,,,
2.05,,,,,,
4.571,,,,,,
0.398,,,,,,
3.861,,,,,,
3.857,,,,,,
3.06,,,,,,
2.658,,,,,,
5.376,,,,,,
2.807,,,,,,
5.036,,,,,,
2.952,,,,,,
3.793,,,,,,
2.81,,,,,,
2.234,,,,,,
1.977,,,,,,
6.492,,,,,,
2.001,,,,,,
3.877,,,,,,
1.785,,,,,,
6.799,,,,,,
3.145,,,,,,
2.33,,,,,,
6.096,,,,,,
3.371,,,,,,
5.16,,,,,,
5.862,,,,,,
5.987,,,,,,
4.978,,,,,,
6.596,,,,,,
2.141,,,,,,
3.561,,,,,,
2.137,,,,,,
5.027,,,,,,
3.503,,,,,,
2.874,,,,,,
4.709,,,,,,
3.607,,,,,,
4.358,,,,,,
4.247,,,,,,
2.351,,,,,,
7.646,,,,,,
6.968,,,,,,
3.759,,,,,,
2.252,,,,,,
2.685,,,,,,
0.064,,,,,,
3.501,,,,,,
3.111,,,,,,
2.592,,,,,,
2.433,,,,,,
2.61,,,,,,
2.38,,,,,,
2.428,,,,,,
4.28,,,,,,
2.943,,,,,,
3.274,,,,,,
3.126,,,,,,
3.693,,,,,,
6.798,,,,,,
15.92,,,,,,
2.143,,,,,,
2.201,,,,,,
2.662,,,,,,
3.657,,,,,,
1.757,,,,,,
3.036,,,,,,
2.836,,,,,,
1.763,,,,,,
2.821,,,,,,
4.939,,,,,,
2.042,,,,,,
2.153,,,,,,
3.814,,,,,,
3.153,,,,,,
4.432,,,,,,
3.131,,,,,,
8.119,,,,,,
2.113,,,,,,
2.492,,,,,,
1.938,,,,,,
4.157,,,,,,
2.384,,,,,,
3.133,,,,,,
5.396,,,,,,
2.1,,,,,,
2.01,,,,,,
3.76,,,,,,
3.903,,,,,,
3.765,,,,,,
5.383,,,,,,
1.997,,,,,,
2.121,,,,,,
3.219,,,,,,
3.794,,,,,,
2.749,,,,,,
2.003,,,,,,
3.048,,,,,,
3.85,,,,,,
5.878,,,,,,
5.553,,,,,,
4.594,,,,,,
1.921,,,,,,
3.974,,,,,,
2.738,,,,,,
3.887,,,,,,
5.83,,,,,,
2.051,,,,,,
4.847,,,,,,
2.509,,,,,,
2.262,,,,,,
4.167,,,,,,
2.067,,,,,,
3.436,,,,,,
2.703,,,,,,
3.833,,,,,,
2.705,,,,,,
2.129,,,,,,
2.096,,,,,,
2.478,,,,,,
8.229,,,,,,
1.381,,,,,,
3.048,,,,,,
4.764,,,,,,
3.409,,,,,,
1.688,,,,,,
4.407,,,,,,
1.7,,,,,,
2.119,,,,,,
3.145,,,,,,
12.79,,,,,,
13.106,,,,,,
2.451,,,,,,
4.642,,,,,,
4.557,,,,,,
5.659,,,,,,
5.745,,,,,,
13.033,,,,,,
2.226,,,,,,
2.567,,,,,,
2.852,,,,,,
4.651,,,,,,
4.492,,,,,,
2.01,,,,,,
3.116,,,,,,
2.9,,,,,,
2.135,,,,,,
2.323,,,,,,
5.443,,,,,,
4.752,,,,,,
2.777,,,,,,
2.394,,,,,,
4.752,,,,,,
6.095,,,,,,
2.168,,,,,,
2.909,,,,,,
6.295,,,,,,
1.104,,,,,,
5.091,,,,,,
2.91,,,,,,
6.848,,,,,,
4.509,,,,,,
6.366,,,,,,
6.62,,,,,,
4.943,,,,,,
2.563,,,,,,
2.03,,,,,,
2.604,,,,,,
4.423,,,,,,
2.109,,,,,,
2.329,,,,,,
2.121,,,,,,
12.418,,,,,,
5.649,,,,,,
2.92,,,,,,
2.73,,,,,,
2.706,,,,,,
5.231,,,,,,
2.606,,,,,,
2.399,,,,,,
2.004,,,,,,
3.228,,,,,,
2.224,,,,,,
8.195,,,,,,
2.125,,,,,,
2.176,,,,,,
2.162,,,,,,
5.292,,,,,,
7.131,,,,,,
1.575,,,,,,
4.52,,,,,,
4.414,,,,,,
2.016,,,,,,
5.396,,,,,,
18.18,,,,,,
6.502,,,,,,
2.325,,,,,,
4.613,,,,,,
4.725,,,,,,
2.622,,,,,,
6.096,,,,,,
4.13,,,,,,
3.061,,,,,,
2.359,,,,,,
2.106,,,,,,
5.264,,,,,,
11.856,,,,,,
3.048,,,,,,
4.633,,,,,,
3.048,,,,,,
2.225,,,,,,
7.522,,,,,,
10.663,,,,,,
4.776,,,,,,
1.173,,,,,,
2.243,,,,,,
4.721,,,,,,
2.339,,,,,,
3.047,,,,,,
3.047,,,,,,
3.289,,,,,,
2.029,,,,,,
2.288,,,,,,
2.021,,,,,,
1.489,,,,,,
2.007,,,,,,
4.983,,,,,,
4.16,,,,,,
2.614,,,,,,
10.895,,,,,,
2.219,,,,,,
4.463,,,,,,
2.081,,,,,,
5.311,,,,,,
2.513,,,,,,
3.785,,,,,,
5.057,,,,,,
5.037,,,,,,
4.828,,,,,,
1.426,,,,,,
4.401,,,,,,
6.096,,,,,,
1.546,,,,,,
17.484,,,,,,
2.197,,,,,,
2.037,,,,,,
2.16,,,,,,
3.711,,,,,,
7.99,,,,,,
6.094,,,,,,
4.23,,,,,,
6.399,,,,,,
12.273,,,,,,
1.996,,,,,,
2.725,,,,,,
6.965,,,,,,
4.356,,,,,,
11.154,,,,,,
4.682,,,,,,
2.301,,,,,,
2.799,,,,,,
0.041,,,,,,
4.54,,,,,,
2.261,,,,,,
3.349,,,,,,
2.726,,,,,,
6.38,,,,,,
2.56,,,,,,
2.491,,,,,,
5.058,,,,,,
3.242,,,,,,
4.285,,,,,,
1.758,,,,,,
4.741,,,,,,
2.563,,,,,,
1.81,,,,,,
2.202,,,,,,
2.64,,,,,,
1.844,,,,,,
4.251,,,,,,
3.825,,,,,,
9.772,,,,,,
3.399,,,,,,
2.696,,,,,,
5.027,,,,,,
2.474,,,,,,
4.52,,,,,,
1.999,,,,,,
2.605,,,,,,
2.075,,,,,,
5.041,,,,,,
2.771,,,,,,
2.076,,,,,,
0.24,,,,,,
